countryCode	street	city	postalCode
US	Example Street	Washington	20001
AT	Beispielgasse	Wien	1010
BE	Rue Exemple	Bruxelles	1000
BG	Primerna Street	Sofia	1000
HR	Primjer Ulica	Zagreb	10000
CY	Example Street	Nicosia	1010
CZ	Vzorova Ulice	Praha	110 00
DK	Eksempelvej	København	1050
EE	Naidise Tee	Tallinn	10111
FI	Esimerkkikatu	Helsinki	00100
FR	Rue Exemple	Paris	75001
DE	Beispielstrasse	Berlin	10115
GR	Paradeigma Street	Athina	105 57
HU	Pelda Utca	Budapest	1011
IE	Example Street	Dublin	D01 F5P2
IT	Via Esempio	Roma	00118
LV	Piemera Iela	Riga	LV-1050
LT	Pavyzdzio Gatve	Vilnius	LT-01100
LU	Rue Exemple	Luxembourg	L-1111
MT	Example Street	Valletta	VLT 1117
NL	Voorbeeldstraat	Amsterdam	1011 AB
PL	Przykladowa Ulica	Warszawa	00-001
PT	Rua Exemplo	Lisboa	1000-001
RO	Strada Exemplu	Bucuresti	010011
SK	Vzorova Ulica	Bratislava	811 01
SI	Vzorčna Ulica	Ljubljana	1000
ES	Calle Ejemplo	Madrid	28001
SE	Exempelgatan	Stockholm	111 20
CN	示例路	北京市	100000
VN	Đường Ví Dụ	Hà Nội	100000
KR	예시로	서울특별시	03000
JP	サンプル通り	東京都	100-0001
