firstName	surname	email	phone	line1	city	postalCode	countryCode
伟	闭	wei.bi@example.com	+12025550185	1 示例路	北京市	100000	CN
Nam	Dương	nam.duong@example.com	+12025550191	2 Đường Ví Dụ	Hà Nội	100000	VN
건우	유	geonu.yu@example.com	+12025550147	3 예시로	서울특별시	03000	KR
晃	佐々木	akira.sasaki@example.com	+12025550161	4 サンプル通り	東京都	100-0001	JP
强	幸	qiang.xing@example.net	+12025550179	5 示例路	北京市	100000	CN
Hưng	Vũ	hung.vu@example.net	+12025550169	6 Đường Ví Dụ	Hà Nội	100000	VN
경수	문	gyeongsu.mun@example.net	+12025550141	7 예시로	서울특별시	03000	KR
篤司	佐々木	atsushi.sasaki@example.net	+12025550187	8 サンプル通り	東京都	100-0001	JP
磊	陈	lei.chen@example.org	+12025550195	9 示例路	北京市	100000	CN
Vũ	Lê	vu.le@example.org	+12025550183	10 Đường Ví Dụ	Hà Nội	100000	VN
광수	임	gwangsu.im@example.org	+12025550175	11 예시로	서울특별시	03000	KR
治	池田	osamu.ikeda@example.org	+12025550161	12 サンプル通り	東京都	100-0001	JP
洋	戈	yang.ge@example.com	+12025550174	13 示例路	北京市	100000	CN
Tú	Vũ	tu.vu@example.com	+12025550130	14 Đường Ví Dụ	Hà Nội	100000	VN
도윤	지	doyun.ji@example.com	+12025550111	15 예시로	서울특별시	03000	KR
和也	藤田	kazuya.fujita@example.com	+12025550151	16 サンプル通り	東京都	100-0001	JP
勇	柴	yong.chai@example.net	+12025550105	17 示例路	北京市	100000	CN
Hoàng	Bùi	hoang.bui@example.net	+12025550117	18 Đường Ví Dụ	Hà Nội	100000	VN
도현	정	dohyeon.jeong@example.net	+12025550175	19 예시로	서울특별시	03000	KR
京助	斎藤	kyosuke.saito@example.net	+12025550153	20 サンプル通り	東京都	100-0001	JP
军	连	jun.lian@example.org	+12025550109	21 示例路	北京市	100000	CN
Phúc	Mai	phuc.mai@example.org	+12025550195	22 Đường Ví Dụ	Hà Nội	100000	VN
동현	손	donghyeon.son@example.org	+12025550155	23 예시로	서울특별시	03000	KR
健一	田中	kenichi.tanaka@example.org	+12025550154	24 サンプル通り	東京都	100-0001	JP
杰	柯	jie.ke@example.com	+12025550182	25 示例路	北京市	100000	CN
Trung	Đặng	trung.dang@example.com	+12025550110	26 Đường Ví Dụ	Hà Nội	100000	VN
민석	박	minseog.bag@example.com	+12025550107	27 예시로	서울특별시	03000	KR
修平	山崎	shohei.yamazaki@example.com	+12025550138	28 サンプル通り	東京都	100-0001	JP
涛	蔡	tao.cai@example.net	+12025550119	29 示例路	北京市	100000	CN
Quang	Vũ	quang.vu@example.net	+12025550176	30 Đường Ví Dụ	Hà Nội	100000	VN
민수	손	minsu.son@example.net	+12025550191	31 예시로	서울특별시	03000	KR
翔太	山崎	shota.yamazaki@example.net	+12025550107	32 サンプル通り	東京都	100-0001	JP
超	臧	chao.zang@example.org	+12025550114	33 示例路	北京市	100000	CN
Anh	Dương	anh.duong@example.org	+12025550149	34 Đường Ví Dụ	Hà Nội	100000	VN
민재	고	minjae.go@example.org	+12025550116	35 예시로	서울특별시	03000	KR
淳	吉田	jun.yoshida@example.org	+12025550178	36 サンプル通り	東京都	100-0001	JP
明	蔺	ming.lin@example.com	+12025550160	37 示例路	北京市	100000	CN
Khoa	Vũ	khoa.vu@example.com	+12025550137	38 Đường Ví Dụ	Hà Nội	100000	VN
민준	김	minjun.gim@example.com	+12025550172	39 예시로	서울특별시	03000	KR
聡太郎	後藤	sotaro.goto@example.com	+12025550135	40 サンプル通り	東京都	100-0001	JP
刚	哈	gang.ha@example.net	+12025550124	41 示例路	北京市	100000	CN
Dũng	Trần	dung.tran@example.net	+12025550147	42 Đường Ví Dụ	Hà Nội	100000	VN
병철	한	byeongcheol.han@example.net	+12025550179	43 예시로	서울특별시	03000	KR
太一	藤井	taichi.fujii@example.net	+12025550100	44 サンプル通り	東京都	100-0001	JP
平	夏	ping.xia@example.org	+12025550127	45 示例路	北京市	100000	CN
Thành	Dương	thanh.duong@example.org	+12025550192	46 Đường Ví Dụ	Hà Nội	100000	VN
상철	정	sangcheol.jeong@example.org	+12025550115	47 예시로	서울특별시	03000	KR
太郎	佐藤	taro.sato@example.org	+12025550106	48 サンプル通り	東京都	100-0001	JP
辉	胥	hui.xu@example.com	+12025550126	49 示例路	北京市	100000	CN
Huy	Phạm	huy.pham@example.com	+12025550135	50 Đường Ví Dụ	Hà Nội	100000	VN
상현	민	sanghyeon.min@example.com	+12025550100	51 예시로	서울특별시	03000	KR
拓真	山崎	takuma.yamazaki@example.com	+12025550147	52 サンプル通り	東京都	100-0001	JP
鹏	朴	peng.pu@example.net	+12025550159	53 示例路	北京市	100000	CN
Bảo	Trần	bao.tran@example.net	+12025550145	54 Đường Ví Dụ	Hà Nội	100000	VN
상호	허	sangho.heo@example.net	+12025550193	55 예시로	서울특별시	03000	KR
翼	三浦	tsubasa.miura@example.net	+12025550136	56 サンプル通り	東京都	100-0001	JP
华	景	hua.jing@example.org	+12025550178	57 示例路	北京市	100000	CN
Châu	Bùi	chau.bui@example.org	+12025550135	58 Đường Ví Dụ	Hà Nội	100000	VN
상훈	권	sanghun.gwon@example.org	+12025550161	59 예시로	서울특별시	03000	KR
智也	佐藤	tomoya.sato@example.org	+12025550130	60 サンプル通り	東京都	100-0001	JP
飞	衡	fei.heng@example.com	+12025550147	61 示例路	北京市	100000	CN
Minh	Nguyễn	minh.nguyen@example.com	+12025550174	62 Đường Ví Dụ	Hà Nội	100000	VN
서준	이	seojun.i@example.com	+12025550101	63 예시로	서울특별시	03000	KR
直樹	山崎	naoki.yamazaki@example.com	+12025550105	64 サンプル通り	東京都	100-0001	JP
鑫	庄	xin.zhuang@example.net	+12025550101	65 示例路	北京市	100000	CN
Tùng	Trần	tung.tran@example.net	+12025550105	66 Đường Ví Dụ	Hà Nội	100000	VN
성민	진	seongmin.jin@example.net	+12025550118	67 예시로	서울특별시	03000	KR
直人	岡田	naoto.okada@example.net	+12025550198	68 サンプル通り	東京都	100-0001	JP
波	廖	bo.liao@example.org	+12025550157	69 示例路	北京市	100000	CN
Nhiên	Vũ	nhien.vu@example.org	+12025550132	70 Đường Ví Dụ	Hà Nội	100000	VN
성수	손	seongsu.son@example.org	+12025550130	71 예시로	서울특별시	03000	KR
英樹	中川	hideki.nakagawa@example.org	+12025550116	72 サンプル通り	東京都	100-0001	JP
斌	冉	bin.ran@example.com	+12025550116	73 示例路	北京市	100000	CN
Trọng	Phạm	trong.pham@example.com	+12025550155	74 Đường Ví Dụ	Hà Nội	100000	VN
성진	성	seongjin.seong@example.com	+12025550168	75 예시로	서울특별시	03000	KR
浩	山本	hiroshi.yamamoto@example.com	+12025550181	76 サンプル通り	東京都	100-0001	JP
宇	戈	yu.ge@example.net	+12025550160	77 示例路	北京市	100000	CN
Ngọc	Vũ	ngoc.vu@example.net	+12025550107	78 Đường Ví Dụ	Hà Nội	100000	VN
성현	황	seonghyeon.hwang@example.net	+12025550143	79 예시로	서울특별시	03000	KR
学	阿部	manabu.abe@example.net	+12025550151	80 サンプル通り	東京都	100-0001	JP
浩	洪	hao.hong@example.org	+12025550112	81 示例路	北京市	100000	CN
Hương	Dương	huong.duong@example.org	+12025550133	82 Đường Ví Dụ	Hà Nội	100000	VN
성호	허	seongho.heo@example.org	+12025550102	83 예시로	서울특별시	03000	KR
充	佐藤	mituru.sato@example.org	+12025550153	84 サンプル通り	東京都	100-0001	JP
凯	凌	kai.ling@example.com	+12025550195	85 示例路	北京市	100000	CN
Lan	Bùi	lan.bui@example.com	+12025550193	86 Đường Ví Dụ	Hà Nội	100000	VN
성훈	장	seonghun.jang@example.com	+12025550174	87 예시로	서울특별시	03000	KR
稔	三浦	minoru.miura@example.com	+12025550110	88 サンプル通り	東京都	100-0001	JP
健	汪	jian.wang@example.net	+12025550118	89 示例路	北京市	100000	CN
Mai	Trần	mai.tran@example.net	+12025550106	90 Đường Ví Dụ	Hà Nội	100000	VN
승민	오	seungmin.o@example.net	+12025550181	91 예시로	서울특별시	03000	KR
裕樹	小川	yuki.ogawa@example.net	+12025550168	92 サンプル通り	東京都	100-0001	JP
俊	童	jun.tong@example.org	+12025550186	93 示例路	北京市	100000	CN
Thảo	Đặng	thao.dang@example.org	+12025550109	94 Đường Ví Dụ	Hà Nội	100000	VN
승현	임	seunghyeon.im@example.org	+12025550114	95 예시로	서울특별시	03000	KR
裕太	中島	yuta.nakajima@example.org	+12025550151	96 サンプル通り	東京都	100-0001	JP
帆	禹	fan.yu@example.com	+12025550172	97 示例路	北京市	100000	CN
Linh	Vũ	linh.vu@example.com	+12025550164	98 Đường Ví Dụ	Hà Nội	100000	VN
시우	주	siu.ju@example.com	+12025550151	99 예시로	서울특별시	03000	KR
康弘	伊藤	yasuhiro.ito@example.com	+12025550131	100 サンプル通り	東京都	100-0001	JP
帅	孔	shuai.kong@example.net	+12025550100	101 示例路	北京市	100000	CN
Hồng	Vũ	hong.vu@example.net	+12025550180	102 Đường Ví Dụ	Hà Nội	100000	VN
영길	하	yeonggil.ha@example.net	+12025550172	103 예시로	서울특별시	03000	KR
陽一	阿部	yoichi.abe@example.net	+12025550112	104 サンプル通り	東京都	100-0001	JP
旭	陶	xu.tao@example.org	+12025550100	105 示例路	北京市	100000	CN
Chi	Hoàng	chi.hoang@example.org	+12025550186	106 Đường Ví Dụ	Hà Nội	100000	VN
영수	조	yeongsu.jo@example.org	+12025550108	107 예시로	서울특별시	03000	KR
洋介	山田	yosuke.yamada@example.org	+12025550139	108 サンプル通り	東京都	100-0001	JP
宁	关	ning.guan@example.com	+12025550172	109 示例路	北京市	100000	CN
Vân	Nguyễn	van.nguyen@example.com	+12025550154	110 Đường Ví Dụ	Hà Nội	100000	VN
영식	조	yeongsig.jo@example.com	+12025550198	111 예시로	서울특별시	03000	KR
亮介	林	ryosuke.hayashi@example.com	+12025550172	112 サンプル通り	東京都	100-0001	JP
龙	庞	long.pang@example.net	+12025550105	113 示例路	北京市	100000	CN
Duyên	Hoàng	duyen.hoang@example.net	+12025550132	114 Đường Ví Dụ	Hà Nội	100000	VN
영일	송	yeongil.song@example.net	+12025550121	115 예시로	서울특별시	03000	KR
涼平	藤井	ryohei.fujii@example.net	+12025550174	116 サンプル通り	東京都	100-0001	JP
林	文	lin.wen@example.org	+12025550134	117 示例路	北京市	100000	CN
Dương	Trần	duong.tran@example.org	+12025550164	118 Đường Ví Dụ	Hà Nội	100000	VN
영진	조	yeongjin.jo@example.org	+12025550117	119 예시로	서울특별시	03000	KR
零	田中	rei.tanaka@example.org	+12025550100	120 サンプル通り	東京都	100-0001	JP
欢	阳	huan.yang@example.com	+12025550132	121 示例路	北京市	100000	CN
Yến	Vũ	yen.vu@example.com	+12025550111	122 Đường Ví Dụ	Hà Nội	100000	VN
영철	한	yeongcheol.han@example.com	+12025550100	123 예시로	서울특별시	03000	KR
明美	小川	akemi.ogawa@example.com	+12025550183	124 サンプル通り	東京都	100-0001	JP
佳	位	jia.wei@example.net	+12025550188	125 示例路	北京市	100000	CN
Vi	Vũ	vi.vu@example.net	+12025550143	126 Đường Ví Dụ	Hà Nội	100000	VN
영호	진	yeongho.jin@example.net	+12025550130	127 예시로	서울특별시	03000	KR
あすか	木村	asuka.kimura@example.net	+12025550128	128 サンプル通り	東京都	100-0001	JP
阳	田	yang.tian@example.org	+12025550136	129 示例路	北京市	100000	CN
Ánh	Phạm	anh.pham@example.org	+12025550163	130 Đường Ví Dụ	Hà Nội	100000	VN
영환	엄	yeonghwan.eom@example.org	+12025550138	131 예시로	서울특별시	03000	KR
香織	鈴木	kaori.suzuki@example.org	+12025550188	132 サンプル通り	東京都	100-0001	JP
建华	江	jianhua.jiang@example.com	+12025550142	133 示例路	北京市	100000	CN
Xuân	Phạm	xuan.pham@example.com	+12025550130	134 Đường Ví Dụ	Hà Nội	100000	VN
예준	권	yejun.gwon@example.com	+12025550184	135 예시로	서울특별시	03000	KR
加奈	井上	kana.inoue@example.com	+12025550127	136 サンプル通り	東京都	100-0001	JP
亮	江	liang.jiang@example.net	+12025550184	137 示例路	北京市	100000	CN
An	Trần	an.tran@example.net	+12025550168	138 Đường Ví Dụ	Hà Nội	100000	VN
우진	배	ujin.bae@example.net	+12025550122	139 예시로	서울특별시	03000	KR
くみ子	池田	kumiko.ikeda@example.net	+12025550146	140 サンプル通り	東京都	100-0001	JP
成	安	cheng.an@example.org	+12025550172	141 示例路	北京市	100000	CN
Hà	Hoàng	ha.hoang@example.org	+12025550140	142 Đường Ví Dụ	Hà Nội	100000	VN
재현	손	jaehyeon.son@example.org	+12025550174	143 예시로	서울특별시	03000	KR
さゆり	藤田	sayuri.fujita@example.org	+12025550101	144 サンプル通り	東京都	100-0001	JP
建	井	jian.jing@example.com	+12025550122	145 示例路	北京市	100000	CN
Lâm	Mai	lam.mai@example.com	+12025550169	146 Đường Ví Dụ	Hà Nội	100000	VN
재호	성	jaeho.seong@example.com	+12025550126	147 예시로	서울특별시	03000	KR
知実	林	satomi.hayashi@example.com	+12025550131	148 サンプル通り	東京都	100-0001	JP
峰	涂	feng.tu@example.net	+12025550148	149 示例路	北京市	100000	CN
Hạnh	Vũ	hanh.vu@example.net	+12025550118	150 Đường Ví Dụ	Hà Nội	100000	VN
정남	고	jeongnam.go@example.net	+12025550156	151 예시로	서울특별시	03000	KR
千代	森	chiyo.mori@example.net	+12025550155	152 サンプル通り	東京都	100-0001	JP
建国	党	jianguo.dang@example.org	+12025550126	153 示例路	北京市	100000	CN
Kim	Dương	kim.duong@example.org	+12025550136	154 Đường Ví Dụ	Hà Nội	100000	VN
정수	전	jeongsu.jeon@example.org	+12025550166	155 예시로	서울특별시	03000	KR
直子	森	naoko.mori@example.org	+12025550199	156 サンプル通り	東京都	100-0001	JP
建军	袁	jianjun.yuan@example.com	+12025550148	157 示例路	北京市	100000	CN
Nhật	Trần	nhat.tran@example.com	+12025550141	158 Đường Ví Dụ	Hà Nội	100000	VN
정식	강	jeongsig.gang@example.com	+12025550171	159 예시로	서울특별시	03000	KR
七夏	小川	nanami.ogawa@example.com	+12025550174	160 サンプル通り	東京都	100-0001	JP
晨	唐	chen.tang@example.net	+12025550119	161 示例路	北京市	100000	CN
Phương	Bùi	phuong.bui@example.net	+12025550166	162 Đường Ví Dụ	Hà Nội	100000	VN
정웅	김	jeongung.gim@example.net	+12025550163	163 예시로	서울특별시	03000	KR
花子	後藤	hanako.goto@example.net	+12025550178	164 サンプル通り	東京都	100-0001	JP
瑞	尚	rui.shang@example.org	+12025550199	165 示例路	北京市	100000	CN
Hải	Nguyễn	hai.nguyen@example.org	+12025550132	166 Đường Ví Dụ	Hà Nội	100000	VN
정호	서	jeongho.seo@example.org	+12025550107	167 예시로	서울특별시	03000	KR
春香	鈴木	haruka.suzuki@example.org	+12025550110	168 サンプル通り	東京都	100-0001	JP
志强	晏	zhiqiang.yan@example.com	+12025550106	169 示例路	北京市	100000	CN
Nam	Trần	nam.tran@example.com	+12025550172	170 Đường Ví Dụ	Hà Nội	100000	VN
정훈	신	jeonghun.sin@example.com	+12025550164	171 예시로	서울특별시	03000	KR
真綾	伊藤	maaya.ito@example.com	+12025550128	172 サンプル通り	東京都	100-0001	JP
兵	荣	bing.rong@example.net	+12025550160	173 示例路	北京市	100000	CN
Hưng	Dương	hung.duong@example.net	+12025550174	174 Đường Ví Dụ	Hà Nội	100000	VN
종수	성	jongsu.seong@example.net	+12025550103	175 예시로	서울특별시	03000	KR
舞	藤田	mai.fujita@example.net	+12025550104	176 サンプル通り	東京都	100-0001	JP
雷	狄	lei.di@example.org	+12025550195	177 示例路	北京市	100000	CN
Vũ	Vũ	vu.vu@example.org	+12025550179	178 Đường Ví Dụ	Hà Nội	100000	VN
주원	고	juwon.go@example.org	+12025550127	179 예시로	서울특별시	03000	KR
美加子	岡本	mikako.okamoto@example.org	+12025550131	180 サンプル通り	東京都	100-0001	JP
东	国	dong.guo@example.com	+12025550149	181 示例路	北京市	100000	CN
Tú	Trần	tu.tran@example.com	+12025550185	182 Đường Ví Dụ	Hà Nội	100000	VN
준서	배	junseo.bae@example.com	+12025550135	183 예시로	서울특별시	03000	KR
幹	鈴木	miki.suzuki@example.com	+12025550150	184 サンプル通り	東京都	100-0001	JP
博	查	bo.cha@example.net	+12025550153	185 示例路	北京市	100000	CN
Hoàng	Nguyễn	hoang.nguyen@example.net	+12025550112	186 Đường Ví Dụ	Hà Nội	100000	VN
준영	송	junyeong.song@example.net	+12025550104	187 예시로	서울특별시	03000	KR
桃子	後藤	momoko.goto@example.net	+12025550179	188 サンプル通り	東京都	100-0001	JP
彬	仇	bin.chou@example.org	+12025550192	189 示例路	北京市	100000	CN
Phúc	Phạm	phuc.pham@example.org	+12025550169	190 Đường Ví Dụ	Hà Nội	100000	VN
준혁	류	junhyeog.lyu@example.org	+12025550130	191 예시로	서울특별시	03000	KR
結衣	清水	yui.shimizu@example.org	+12025550107	192 サンプル通り	東京都	100-0001	JP
坤	宾	kun.bin@example.com	+12025550155	193 示例路	北京市	100000	CN
Trung	Dương	trung.duong@example.com	+12025550113	194 Đường Ví Dụ	Hà Nội	100000	VN
준호	구	junho.gu@example.com	+12025550187	195 예시로	서울특별시	03000	KR
裕美子	近藤	yumiko.kondo@example.com	+12025550159	196 サンプル通り	東京都	100-0001	JP
想	鲁	xiang.lu@example.net	+12025550119	197 示例路	北京市	100000	CN
Quang	Đặng	quang.dang@example.net	+12025550121	198 Đường Ví Dụ	Hà Nội	100000	VN
중수	임	jungsu.im@example.net	+12025550120	199 예시로	서울특별시	03000	KR
陽子	小林	yoko.kobayashi@example.net	+12025550127	200 サンプル通り	東京都	100-0001	JP
岩	成	yan.cheng@example.org	+12025550164	201 示例路	北京市	100000	CN
Anh	Đặng	anh.dang@example.org	+12025550105	202 Đường Ví Dụ	Hà Nội	100000	VN
지후	민	jihu.min@example.org	+12025550172	203 예시로	서울특별시	03000	KR
里佳	山下	rika.yamashita@example.org	+12025550149	204 サンプル通り	東京都	100-0001	JP
杨	茹	yang.ru@example.com	+12025550142	205 示例路	北京市	100000	CN
Khoa	Bùi	khoa.bui@example.com	+12025550145	206 Đường Ví Dụ	Hà Nội	100000	VN
지훈	구	jihun.gu@example.com	+12025550153	207 예시로	서울특별시	03000	KR
晃	山口	akira.yamaguchi@example.com	+12025550188	208 サンプル通り	東京都	100-0001	JP
文	颜	wen.yan@example.net	+12025550142	209 示例路	北京市	100000	CN
Dũng	Vũ	dung.vu@example.net	+12025550100	210 Đường Ví Dụ	Hà Nội	100000	VN
진우	구	jinu.gu@example.net	+12025550155	211 예시로	서울특별시	03000	KR
篤司	清水	atsushi.shimizu@example.net	+12025550144	212 サンプル通り	東京都	100-0001	JP
利	呼	li.hu@example.org	+12025550113	213 示例路	北京市	100000	CN
Thành	Vũ	thanh.vu@example.org	+12025550148	214 Đường Ví Dụ	Hà Nội	100000	VN
진호	김	jinho.gim@example.org	+12025550141	215 예시로	서울특별시	03000	KR
治	中川	osamu.nakagawa@example.org	+12025550139	216 サンプル通り	東京都	100-0001	JP
楠	路	nan.lu@example.com	+12025550151	217 示例路	北京市	100000	CN
Huy	Bùi	huy.bui@example.com	+12025550133	218 Đường Ví Dụ	Hà Nội	100000	VN
현우	민	hyeonu.min@example.com	+12025550191	219 예시로	서울특별시	03000	KR
和也	小林	kazuya.kobayashi@example.com	+12025550172	220 サンプル通り	東京都	100-0001	JP
红霞	隋	hongxia.sui@example.net	+12025550111	221 示例路	北京市	100000	CN
Bảo	Bùi	bao.bui@example.net	+12025550140	222 Đường Ví Dụ	Hà Nội	100000	VN
현준	조	hyeonjun.jo@example.net	+12025550161	223 예시로	서울특별시	03000	KR
京助	坂本	kyosuke.sakamoto@example.net	+12025550182	224 サンプル通り	東京都	100-0001	JP
建平	闵	jianping.min@example.org	+12025550169	225 示例路	北京市	100000	CN
Châu	Trần	chau.tran@example.org	+12025550137	226 Đường Ví Dụ	Hà Nội	100000	VN
경숙	지	gyeongsug.ji@example.org	+12025550147	227 예시로	서울특별시	03000	KR
健一	伊藤	kenichi.ito@example.org	+12025550175	228 サンプル通り	東京都	100-0001	JP
芳	郝	fang.hao@example.com	+12025550118	229 示例路	北京市	100000	CN
Minh	Phạm	minh.pham@example.com	+12025550147	230 Đường Ví Dụ	Hà Nội	100000	VN
경자	윤	gyeongja.yun@example.com	+12025550166	231 예시로	서울특별시	03000	KR
修平	三浦	shohei.miura@example.com	+12025550146	232 サンプル通り	東京都	100-0001	JP
娜	荣	na.rong@example.net	+12025550107	233 示例路	北京市	100000	CN
Tùng	Dương	tung.duong@example.net	+12025550174	234 Đường Ví Dụ	Hà Nội	100000	VN
경희	박	gyeonghui.bag@example.net	+12025550119	235 예시로	서울특별시	03000	KR
翔太	遠藤	shota.endo@example.net	+12025550131	236 サンプル通り	東京都	100-0001	JP
敏	仲	min.zhong@example.org	+12025550166	237 示例路	北京市	100000	CN
Nhiên	Dương	nhien.duong@example.org	+12025550150	238 Đường Ví Dụ	Hà Nội	100000	VN
명숙	류	myeongsug.lyu@example.org	+12025550127	239 예시로	서울특별시	03000	KR
淳	高橋	jun.takahashi@example.org	+12025550156	240 サンプル通り	東京都	100-0001	JP
静	庄	jing.zhuang@example.com	+12025550168	241 示例路	北京市	100000	CN
Trọng	Nguyễn	trong.nguyen@example.com	+12025550166	242 Đường Ví Dụ	Hà Nội	100000	VN
명자	홍	myeongja.hong@example.com	+12025550167	243 예시로	서울특별시	03000	KR
聡太郎	渡辺	sotaro.watanabe@example.com	+12025550141	244 サンプル通り	東京都	100-0001	JP
秀英	普	xiuying.pu@example.net	+12025550124	245 示例路	北京市	100000	CN
Ngọc	Mai	ngoc.mai@example.net	+12025550152	246 Đường Ví Dụ	Hà Nội	100000	VN
미경	홍	migyeong.hong@example.net	+12025550125	247 예시로	서울특별시	03000	KR
太一	西村	taichi.nishimura@example.net	+12025550100	248 サンプル通り	東京都	100-0001	JP
丽	屈	li.qu@example.org	+12025550169	249 示例路	北京市	100000	CN
Hương	Lê	huong.le@example.org	+12025550109	250 Đường Ví Dụ	Hà Nội	100000	VN
미숙	장	misug.jang@example.org	+12025550158	251 예시로	서울특별시	03000	KR
太郎	佐々木	taro.sasaki@example.org	+12025550112	252 サンプル通り	東京都	100-0001	JP
艳	殷	yan.yin@example.com	+12025550136	253 示例路	北京市	100000	CN
Lan	Phạm	lan.pham@example.com	+12025550148	254 Đường Ví Dụ	Hà Nội	100000	VN
미영	황	miyeong.hwang@example.com	+12025550111	255 예시로	서울특별시	03000	KR
拓真	村上	takuma.murakami@example.com	+12025550103	256 サンプル通り	東京都	100-0001	JP
娟	祝	juan.zhu@example.net	+12025550153	257 示例路	北京市	100000	CN
Mai	Đặng	mai.dang@example.net	+12025550118	258 Đường Ví Dụ	Hà Nội	100000	VN
미정	김	mijeong.gim@example.net	+12025550101	259 예시로	서울특별시	03000	KR
翼	石川	tsubasa.ishikawa@example.net	+12025550158	260 サンプル通り	東京都	100-0001	JP
霞	屠	xia.tu@example.org	+12025550102	261 示例路	北京市	100000	CN
Thảo	Dương	thao.duong@example.org	+12025550168	262 Đường Ví Dụ	Hà Nội	100000	VN
민서	장	minseo.jang@example.org	+12025550134	263 예시로	서울특별시	03000	KR
智也	遠藤	tomoya.endo@example.org	+12025550178	264 サンプル通り	東京都	100-0001	JP
秀兰	窦	xiulan.dou@example.com	+12025550117	265 示例路	北京市	100000	CN
Linh	Phạm	linh.pham@example.com	+12025550147	266 Đường Ví Dụ	Hà Nội	100000	VN
민지	최	minji.choe@example.com	+12025550137	267 예시로	서울특별시	03000	KR
直樹	青木	naoki.aoki@example.com	+12025550191	268 サンプル通り	東京都	100-0001	JP
燕	李	yan.li@example.net	+12025550136	269 示例路	北京市	100000	CN
Hồng	Dương	hong.duong@example.net	+12025550151	270 Đường Ví Dụ	Hà Nội	100000	VN
보람	홍	bolam.hong@example.net	+12025550133	271 예시로	서울특별시	03000	KR
直人	藤原	naoto.fujiwara@example.net	+12025550184	272 サンプル通り	東京都	100-0001	JP
玲	盖	ling.gai@example.org	+12025550134	273 示例路	北京市	100000	CN
Chi	Đặng	chi.dang@example.org	+12025550109	274 Đường Ví Dụ	Hà Nội	100000	VN
서연	강	seoyeon.gang@example.org	+12025550157	275 예시로	서울특별시	03000	KR
英樹	西村	hideki.nishimura@example.org	+12025550118	276 サンプル通り	東京都	100-0001	JP
桂英	官	guiying.guan@example.com	+12025550130	277 示例路	北京市	100000	CN
Vân	Trần	van.tran@example.com	+12025550164	278 Đường Ví Dụ	Hà Nội	100000	VN
서영	정	seoyeong.jeong@example.com	+12025550137	279 예시로	서울특별시	03000	KR
浩	小川	hiroshi.ogawa@example.com	+12025550187	280 サンプル通り	東京都	100-0001	JP
丹	蔺	dan.lin@example.net	+12025550198	281 示例路	北京市	100000	CN
Duyên	Vũ	duyen.vu@example.net	+12025550152	282 Đường Ví Dụ	Hà Nội	100000	VN
서윤	구	seoyun.gu@example.net	+12025550150	283 예시로	서울특별시	03000	KR
学	加藤	manabu.kato@example.net	+12025550111	284 サンプル通り	東京都	100-0001	JP
萍	奉	ping.feng@example.org	+12025550155	285 示例路	北京市	100000	CN
Dương	Lê	duong.le@example.org	+12025550151	286 Đường Ví Dụ	Hà Nội	100000	VN
서현	백	seohyeon.baeg@example.org	+12025550181	287 예시로	서울특별시	03000	KR
充	加藤	mituru.kato@example.org	+12025550174	288 サンプル通り	東京都	100-0001	JP
红	包	hong.bao@example.com	+12025550124	289 示例路	北京市	100000	CN
Yến	Nguyễn	yen.nguyen@example.com	+12025550194	290 Đường Ví Dụ	Hà Nội	100000	VN
선영	임	seonyeong.im@example.com	+12025550100	291 예시로	서울특별시	03000	KR
稔	井上	minoru.inoue@example.com	+12025550163	292 サンプル通り	東京都	100-0001	JP
玉兰	麻	yulan.ma@example.net	+12025550137	293 示例路	北京市	100000	CN
Vi	Đặng	vi.dang@example.net	+12025550120	294 Đường Ví Dụ	Hà Nội	100000	VN
수민	권	sumin.gwon@example.net	+12025550114	295 예시로	서울특별시	03000	KR
裕樹	山田	yuki.yamada@example.net	+12025550134	296 サンプル通り	東京都	100-0001	JP
桂兰	卓	guilan.zhuo@example.org	+12025550151	297 示例路	北京市	100000	CN
Ánh	Mai	anh.mai@example.org	+12025550107	298 Đường Ví Dụ	Hà Nội	100000	VN
수빈	윤	subin.yun@example.org	+12025550133	299 예시로	서울특별시	03000	KR
裕太	池田	yuta.ikeda@example.org	+12025550168	300 サンプル通り	東京都	100-0001	JP
英	鞠	ying.ju@example.com	+12025550158	301 示例路	北京市	100000	CN
Xuân	Lê	xuan.le@example.com	+12025550145	302 Đường Ví Dụ	Hà Nội	100000	VN
수진	차	sujin.cha@example.com	+12025550140	303 예시로	서울특별시	03000	KR
康弘	林	yasuhiro.hayashi@example.com	+12025550107	304 サンプル通り	東京都	100-0001	JP
梅	唐	mei.tang@example.net	+12025550167	305 示例路	北京市	100000	CN
An	Lê	an.le@example.net	+12025550123	306 Đường Ví Dụ	Hà Nội	100000	VN
숙자	엄	sugja.eom@example.net	+12025550128	307 예시로	서울특별시	03000	KR
陽一	佐藤	yoichi.sato@example.net	+12025550103	308 サンプル通り	東京都	100-0001	JP
莉	芮	li.rui@example.org	+12025550197	309 示例路	北京市	100000	CN
Hà	Dương	ha.duong@example.org	+12025550144	310 Đường Ví Dụ	Hà Nội	100000	VN
순옥	전	sunog.jeon@example.org	+12025550119	311 예시로	서울특별시	03000	KR
洋介	小林	yosuke.kobayashi@example.org	+12025550107	312 サンプル通り	東京都	100-0001	JP
秀珍	古	xiuzhen.gu@example.com	+12025550188	313 示例路	北京市	100000	CN
Lâm	Hoàng	lam.hoang@example.com	+12025550143	314 Đường Ví Dụ	Hà Nội	100000	VN
순자	배	sunja.bae@example.com	+12025550190	315 예시로	서울특별시	03000	KR
亮介	松本	ryosuke.matsumoto@example.com	+12025550146	316 サンプル通り	東京都	100-0001	JP
婷	辜	ting.gu@example.net	+12025550176	317 示例路	北京市	100000	CN
Hạnh	Đặng	hanh.dang@example.net	+12025550112	318 Đường Ví Dụ	Hà Nội	100000	VN
아름	백	aleum.baeg@example.net	+12025550155	319 예시로	서울특별시	03000	KR
涼平	三浦	ryohei.miura@example.net	+12025550138	320 サンプル通り	東京都	100-0001	JP
玉梅	甄	yumei.zhen@example.org	+12025550184	321 示例路	北京市	100000	CN
Kim	Trần	kim.tran@example.org	+12025550153	322 Đường Ví Dụ	Hà Nội	100000	VN
영미	노	yeongmi.no@example.org	+12025550151	323 예시로	서울특별시	03000	KR
零	中島	rei.nakajima@example.org	+12025550129	324 サンプル通り	東京都	100-0001	JP
玉珍	匡	yuzhen.kuang@example.com	+12025550196	325 示例路	北京市	100000	CN
Nhật	Lê	nhat.le@example.com	+12025550104	326 Đường Ví Dụ	Hà Nội	100000	VN
영숙	진	yeongsug.jin@example.com	+12025550143	327 예시로	서울특별시	03000	KR
明美	山下	akemi.yamashita@example.com	+12025550153	328 サンプル通り	東京都	100-0001	JP
凤英	向	fengying.xiang@example.net	+12025550185	329 示例路	北京市	100000	CN
Phương	Đặng	phuong.dang@example.net	+12025550165	330 Đường Ví Dụ	Hà Nội	100000	VN
영순	성	yeongsun.seong@example.net	+12025550173	331 예시로	서울특별시	03000	KR
あすか	阿部	asuka.abe@example.net	+12025550196	332 サンプル通り	東京都	100-0001	JP
晶	盖	jing.gai@example.org	+12025550194	333 示例路	北京市	100000	CN
Hải	Vũ	hai.vu@example.org	+12025550111	334 Đường Ví Dụ	Hà Nội	100000	VN
영자	이	yeongja.i@example.org	+12025550142	335 예시로	서울특별시	03000	KR
香織	加藤	kaori.kato@example.org	+12025550131	336 サンプル通り	東京都	100-0001	JP
玉英	储	yuying.chu@example.com	+12025550130	337 示例路	北京市	100000	CN
Nam	Lê	nam.le@example.com	+12025550104	338 Đường Ví Dụ	Hà Nội	100000	VN
영희	구	yeonghui.gu@example.com	+12025550112	339 예시로	서울특별시	03000	KR
加奈	中川	kana.nakagawa@example.com	+12025550115	340 サンプル通り	東京都	100-0001	JP
颖	马	ying.ma@example.net	+12025550126	341 示例路	北京市	100000	CN
Hưng	Mai	hung.mai@example.net	+12025550103	342 Đường Ví Dụ	Hà Nội	100000	VN
예원	곽	yewon.gwag@example.net	+12025550190	343 예시로	서울특별시	03000	KR
くみ子	吉田	kumiko.yoshida@example.net	+12025550105	344 サンプル通り	東京都	100-0001	JP
雪	母	xue.mu@example.org	+12025550183	345 示例路	北京市	100000	CN
Vũ	Bùi	vu.bui@example.org	+12025550135	346 Đường Ví Dụ	Hà Nội	100000	VN
예은	양	yeeun.yang@example.org	+12025550150	347 예시로	서울특별시	03000	KR
さゆり	松本	sayuri.matsumoto@example.org	+12025550190	348 サンプル通り	東京都	100-0001	JP
慧	叶	hui.ye@example.com	+12025550169	349 示例路	北京市	100000	CN
Tú	Nguyễn	tu.nguyen@example.com	+12025550109	350 Đường Ví Dụ	Hà Nội	100000	VN
예지	김	yeji.gim@example.com	+12025550102	351 예시로	서울특별시	03000	KR
知実	松本	satomi.matsumoto@example.com	+12025550190	352 サンプル通り	東京都	100-0001	JP
红梅	皮	hongmei.pi@example.net	+12025550110	353 示例路	北京市	100000	CN
Hoàng	Mai	hoang.mai@example.net	+12025550150	354 Đường Ví Dụ	Hà Nội	100000	VN
예진	류	yejin.lyu@example.net	+12025550125	355 예시로	서울특별시	03000	KR
千代	石井	chiyo.ishii@example.net	+12025550171	356 サンプル通り	東京都	100-0001	JP
倩	易	qian.yi@example.org	+12025550161	357 示例路	北京市	100000	CN
Phúc	Hoàng	phuc.hoang@example.org	+12025550103	358 Đường Ví Dụ	Hà Nội	100000	VN
옥순	김	ogsun.gim@example.org	+12025550199	359 예시로	서울특별시	03000	KR
直子	吉田	naoko.yoshida@example.org	+12025550133	360 サンプル通り	東京都	100-0001	JP
琴	牛	qin.niu@example.com	+12025550105	361 示例路	北京市	100000	CN
Trung	Hoàng	trung.hoang@example.com	+12025550199	362 Đường Ví Dụ	Hà Nội	100000	VN
옥자	홍	ogja.hong@example.com	+12025550127	363 예시로	서울특별시	03000	KR
七夏	中島	nanami.nakajima@example.com	+12025550157	364 サンプル通り	東京都	100-0001	JP
兰英	骆	lanying.luo@example.net	+12025550178	365 示例路	北京市	100000	CN
Quang	Lê	quang.le@example.net	+12025550144	366 Đường Ví Dụ	Hà Nội	100000	VN
유진	유	yujin.yu@example.net	+12025550117	367 예시로	서울특별시	03000	KR
花子	斉藤	hanako.saito@example.net	+12025550152	368 サンプル通り	東京都	100-0001	JP
畅	黄	chang.huang@example.org	+12025550179	369 示例路	北京市	100000	CN
Anh	Lê	anh.le@example.org	+12025550140	370 Đường Ví Dụ	Hà Nội	100000	VN
윤서	구	yunseo.gu@example.org	+12025550192	371 예시로	서울특별시	03000	KR
春香	岡本	haruka.okamoto@example.org	+12025550193	372 サンプル通り	東京都	100-0001	JP
云	蔡	yun.cai@example.com	+12025550170	373 示例路	北京市	100000	CN
Khoa	Nguyễn	khoa.nguyen@example.com	+12025550175	374 Đường Ví Dụ	Hà Nội	100000	VN
은경	서	eungyeong.seo@example.com	+12025550110	375 예시로	서울특별시	03000	KR
真綾	斎藤	maaya.saito@example.com	+12025550108	376 サンプル通り	東京都	100-0001	JP
洁	初	jie.chu@example.net	+12025550148	377 示例路	北京市	100000	CN
Dũng	Bùi	dung.bui@example.net	+12025550169	378 Đường Ví Dụ	Hà Nội	100000	VN
은서	홍	eunseo.hong@example.net	+12025550172	379 예시로	서울특별시	03000	KR
舞	中村	mai.nakamura@example.net	+12025550101	380 サンプル通り	東京都	100-0001	JP
柳	宗	liu.zong@example.org	+12025550184	381 示例路	北京市	100000	CN
Thành	Bùi	thanh.bui@example.org	+12025550185	382 Đường Ví Dụ	Hà Nội	100000	VN
은영	한	eunyeong.han@example.org	+12025550119	383 예시로	서울특별시	03000	KR
美加子	西村	mikako.nishimura@example.org	+12025550110	384 サンプル通り	東京都	100-0001	JP
淑珍	翁	shuzhen.weng@example.com	+12025550191	385 示例路	北京市	100000	CN
Huy	Vũ	huy.vu@example.com	+12025550137	386 Đường Ví Dụ	Hà Nội	100000	VN
은정	성	eunjeong.seong@example.com	+12025550173	387 예시로	서울특별시	03000	KR
幹	橋本	miki.hashimoto@example.com	+12025550120	388 サンプル通り	東京都	100-0001	JP
春梅	严	chunmei.yan@example.net	+12025550141	389 示例路	北京市	100000	CN
Bảo	Dương	bao.duong@example.net	+12025550164	390 Đường Ví Dụ	Hà Nội	100000	VN
은주	이	eunju.i@example.net	+12025550174	391 예시로	서울특별시	03000	KR
桃子	岡田	momoko.okada@example.net	+12025550108	392 サンプル通り	東京都	100-0001	JP
海燕	管	haiyan.guan@example.org	+12025550100	393 示例路	北京市	100000	CN
Châu	Phạm	chau.pham@example.org	+12025550164	394 Đường Ví Dụ	Hà Nội	100000	VN
은지	박	eunji.bag@example.org	+12025550128	395 예시로	서울특별시	03000	KR
結衣	遠藤	yui.endo@example.org	+12025550109	396 サンプル通り	東京都	100-0001	JP
冬梅	吴	dongmei.wu@example.com	+12025550132	397 示例路	北京市	100000	CN
Minh	Trần	minh.tran@example.com	+12025550112	398 Đường Ví Dụ	Hà Nội	100000	VN
정숙	곽	jeongsug.gwag@example.com	+12025550114	399 예시로	서울특별시	03000	KR
裕美子	山崎	yumiko.yamazaki@example.com	+12025550145	400 サンプル通り	東京都	100-0001	JP
秀荣	殷	xiurong.yin@example.net	+12025550101	401 示例路	北京市	100000	CN
Tùng	Vũ	tung.vu@example.net	+12025550124	402 Đường Ví Dụ	Hà Nội	100000	VN
정순	윤	jeongsun.yun@example.net	+12025550159	403 예시로	서울특별시	03000	KR
陽子	藤田	yoko.fujita@example.net	+12025550197	404 サンプル通り	東京都	100-0001	JP
桂珍	乔	guizhen.qiao@example.org	+12025550141	405 示例路	北京市	100000	CN
Nhiên	Hoàng	nhien.hoang@example.org	+12025550144	406 Đường Ví Dụ	Hà Nội	100000	VN
정자	강	jeongja.gang@example.org	+12025550133	407 예시로	서울특별시	03000	KR
里佳	斉藤	rika.saito@example.org	+12025550146	408 サンプル通り	東京都	100-0001	JP
莹	麦	ying.mai@example.com	+12025550104	409 示例路	北京市	100000	CN
Trọng	Hoàng	trong.hoang@example.com	+12025550174	410 Đường Ví Dụ	Hà Nội	100000	VN
정희	유	jeonghui.yu@example.com	+12025550162	411 예시로	서울특별시	03000	KR
晃	小川	akira.ogawa@example.com	+12025550179	412 サンプル通り	東京都	100-0001	JP
秀云	阮	xiuyun.ruan@example.net	+12025550135	413 示例路	北京市	100000	CN
Ngọc	Lê	ngoc.le@example.net	+12025550104	414 Đường Ví Dụ	Hà Nội	100000	VN
지민	나	jimin.na@example.net	+12025550163	415 예시로	서울특별시	03000	KR
篤司	山崎	atsushi.yamazaki@example.net	+12025550189	416 サンプル通り	東京都	100-0001	JP
桂荣	勾	guirong.gou@example.org	+12025550177	417 示例路	北京市	100000	CN
Hương	Vũ	huong.vu@example.org	+12025550185	418 Đường Ví Dụ	Hà Nội	100000	VN
지아	심	jia.sim@example.org	+12025550121	419 예시로	서울특별시	03000	KR
治	森	osamu.mori@example.org	+12025550140	420 サンプル通り	東京都	100-0001	JP
秀梅	熊	xiumei.xiong@example.com	+12025550178	421 示例路	北京市	100000	CN
Lan	Trần	lan.tran@example.com	+12025550104	422 Đường Ví Dụ	Hà Nội	100000	VN
지연	허	jiyeon.heo@example.com	+12025550121	423 예시로	서울특별시	03000	KR
和也	村上	kazuya.murakami@example.com	+12025550179	424 サンプル通り	東京都	100-0001	JP
丽娟	衣	lijuan.yi@example.net	+12025550103	425 示例路	北京市	100000	CN
Mai	Dương	mai.duong@example.net	+12025550145	426 Đường Ví Dụ	Hà Nội	100000	VN
지영	문	jiyeong.mun@example.net	+12025550141	427 예시로	서울특별시	03000	KR
京助	後藤	kyosuke.goto@example.net	+12025550162	428 サンプル通り	東京都	100-0001	JP
婷婷	游	tingting.you@example.org	+12025550198	429 示例路	北京市	100000	CN
Thảo	Trần	thao.tran@example.org	+12025550163	430 Đường Ví Dụ	Hà Nội	100000	VN
지우	나	jiu.na@example.org	+12025550115	431 예시로	서울특별시	03000	KR
健一	岡田	kenichi.okada@example.org	+12025550122	432 サンプル通り	東京都	100-0001	JP
玉华	宿	yuhua.su@example.com	+12025550167	433 示例路	北京市	100000	CN
Linh	Trần	linh.tran@example.com	+12025550123	434 Đường Ví Dụ	Hà Nội	100000	VN
지원	임	jiwon.im@example.com	+12025550190	435 예시로	서울특별시	03000	KR
修平	石川	shohei.ishikawa@example.com	+12025550121	436 サンプル通り	東京都	100-0001	JP
琳	季	lin.ji@example.net	+12025550142	437 示例路	北京市	100000	CN
Hồng	Đặng	hong.dang@example.net	+12025550131	438 Đường Ví Dụ	Hà Nội	100000	VN
지은	안	jieun.an@example.net	+12025550118	439 예시로	서울특별시	03000	KR
翔太	中島	shota.nakajima@example.net	+12025550148	440 サンプル通り	東京都	100-0001	JP
雪梅	安	xuemei.an@example.org	+12025550194	441 示例路	北京市	100000	CN
Chi	Mai	chi.mai@example.org	+12025550153	442 Đường Ví Dụ	Hà Nội	100000	VN
지현	송	jihyeon.song@example.org	+12025550191	443 예시로	서울특별시	03000	KR
淳	後藤	jun.goto@example.org	+12025550139	444 サンプル通り	東京都	100-0001	JP
淑兰	房	shulan.fang@example.com	+12025550127	445 示例路	北京市	100000	CN
Vân	Dương	van.duong@example.com	+12025550112	446 Đường Ví Dụ	Hà Nội	100000	VN
지혜	지	jihye.ji@example.com	+12025550128	447 예시로	서울특별시	03000	KR
聡太郎	石川	sotaro.ishikawa@example.com	+12025550110	448 サンプル通り	東京都	100-0001	JP
丽丽	余	lili.yu@example.net	+12025550141	449 示例路	北京市	100000	CN
Duyên	Lê	duyen.le@example.net	+12025550175	450 Đường Ví Dụ	Hà Nội	100000	VN
채원	노	chaewon.no@example.net	+12025550170	451 예시로	서울특별시	03000	KR
太一	福田	taichi.fukuda@example.net	+12025550128	452 サンプル通り	東京都	100-0001	JP
玉	衡	yu.heng@example.org	+12025550133	453 示例路	北京市	100000	CN
Dương	Phạm	duong.pham@example.org	+12025550197	454 Đường Ví Dụ	Hà Nội	100000	VN
춘자	노	chunja.no@example.org	+12025550125	455 예시로	서울특별시	03000	KR
太郎	伊藤	taro.ito@example.org	+12025550106	456 サンプル通り	東京都	100-0001	JP
秀芳	程	xiufang.cheng@example.com	+12025550194	457 示例路	北京市	100000	CN
Yến	Đặng	yen.dang@example.com	+12025550106	458 Đường Ví Dụ	Hà Nội	100000	VN
하윤	배	hayun.bae@example.com	+12025550188	459 예시로	서울특별시	03000	KR
拓真	長谷川	takuma.hasegawa@example.com	+12025550198	460 サンプル通り	東京都	100-0001	JP
欣	扈	xin.hu@example.net	+12025550121	461 示例路	北京市	100000	CN
Vi	Bùi	vi.bui@example.net	+12025550144	462 Đường Ví Dụ	Hà Nội	100000	VN
하은	문	haeun.mun@example.net	+12025550146	463 예시로	서울특별시	03000	KR
翼	松田	tsubasa.matsuda@example.net	+12025550100	464 サンプル通り	東京都	100-0001	JP
淑英	梁	shuying.liang@example.org	+12025550102	465 示例路	北京市	100000	CN
Ánh	Trần	anh.tran@example.org	+12025550147	466 Đường Ví Dụ	Hà Nội	100000	VN
현숙	진	hyeonsug.jin@example.org	+12025550135	467 예시로	서울특별시	03000	KR
智也	山本	tomoya.yamamoto@example.org	+12025550107	468 サンプル通り	東京都	100-0001	JP
桂芳	虞	guifang.yu@example.com	+12025550104	469 示例路	北京市	100000	CN
Xuân	Đặng	xuan.dang@example.com	+12025550102	470 Đường Ví Dụ	Hà Nội	100000	VN
현정	조	hyeonjeong.jo@example.com	+12025550166	471 예시로	서울특별시	03000	KR
直樹	吉田	naoki.yoshida@example.com	+12025550148	472 サンプル通り	東京都	100-0001	JP
丽华	汤	lihua.tang@example.net	+12025550146	473 示例路	北京市	100000	CN
An	Phạm	an.pham@example.net	+12025550106	474 Đường Ví Dụ	Hà Nội	100000	VN
현주	홍	hyeonju.hong@example.net	+12025550111	475 예시로	서울특별시	03000	KR
直人	橋本	naoto.hashimoto@example.net	+12025550188	476 サンプル通り	東京都	100-0001	JP
丹丹	蓝	dandan.lan@example.org	+12025550135	477 示例路	北京市	100000	CN
Hà	Nguyễn	ha.nguyen@example.org	+12025550187	478 Đường Ví Dụ	Hà Nội	100000	VN
현지	유	hyeonji.yu@example.org	+12025550167	479 예시로	서울특별시	03000	KR
英樹	遠藤	hideki.endo@example.org	+12025550120	480 サンプル通り	東京都	100-0001	JP
桂香	艾	guixiang.ai@example.com	+12025550124	481 示例路	北京市	100000	CN
Lâm	Nguyễn	lam.nguyen@example.com	+12025550166	482 Đường Ví Dụ	Hà Nội	100000	VN
혜진	유	hyejin.yu@example.com	+12025550157	483 예시로	서울특별시	03000	KR
浩	斉藤	hiroshi.saito@example.com	+12025550147	484 サンプル通り	東京都	100-0001	JP
淑华	钱	shuhua.qian@example.net	+12025550166	485 示例路	北京市	100000	CN
Hạnh	Nguyễn	hanh.nguyen@example.net	+12025550129	486 Đường Ví Dụ	Hà Nội	100000	VN
건우	민	geonu.min@example.net	+12025550182	487 예시로	서울특별시	03000	KR
学	中村	manabu.nakamura@example.net	+12025550194	488 サンプル通り	東京都	100-0001	JP
荣	宿	rong.su@example.org	+12025550120	489 示例路	北京市	100000	CN
Kim	Mai	kim.mai@example.org	+12025550191	490 Đường Ví Dụ	Hà Nội	100000	VN
경수	안	gyeongsu.an@example.org	+12025550159	491 예시로	서울특별시	03000	KR
充	岡本	mituru.okamoto@example.org	+12025550107	492 サンプル通り	東京都	100-0001	JP
秀华	何	xiuhua.he@example.com	+12025550127	493 示例路	北京市	100000	CN
Nhật	Nguyễn	nhat.nguyen@example.com	+12025550105	494 Đường Ví Dụ	Hà Nội	100000	VN
광수	우	gwangsu.u@example.com	+12025550153	495 예시로	서울특별시	03000	KR
稔	前田	minoru.maeda@example.com	+12025550150	496 サンプル通り	東京都	100-0001	JP
桂芝	亢	guizhi.kang@example.net	+12025550107	497 示例路	北京市	100000	CN
Phương	Mai	phuong.mai@example.net	+12025550185	498 Đường Ví Dụ	Hà Nội	100000	VN
도윤	권	doyun.gwon@example.net	+12025550139	499 예시로	서울특별시	03000	KR
裕樹	林	yuki.hayashi@example.net	+12025550112	500 サンプル通り	東京都	100-0001	JP
小红	银	xiaohong.yin@example.org	+12025550146	501 示例路	北京市	100000	CN
Hải	Đặng	hai.dang@example.org	+12025550182	502 Đường Ví Dụ	Hà Nội	100000	VN
도현	심	dohyeon.sim@example.org	+12025550196	503 예시로	서울특별시	03000	KR
裕太	渡辺	yuta.watanabe@example.org	+12025550115	504 サンプル通り	東京都	100-0001	JP
金凤	邓	jinfeng.deng@example.com	+12025550186	505 示例路	北京市	100000	CN
Nam	Mai	nam.mai@example.com	+12025550149	506 Đường Ví Dụ	Hà Nội	100000	VN
동현	손	donghyeon.son@example.com	+12025550140	507 예시로	서울특별시	03000	KR
康弘	西村	yasuhiro.nishimura@example.com	+12025550143	508 サンプル通り	東京都	100-0001	JP
瑜	霍	yu.huo@example.net	+12025550138	509 示例路	北京市	100000	CN
Hưng	Đặng	hung.dang@example.net	+12025550168	510 Đường Ví Dụ	Hà Nội	100000	VN
민석	한	minseog.han@example.net	+12025550167	511 예시로	서울특별시	03000	KR
陽一	山田	yoichi.yamada@example.net	+12025550179	512 サンプル通り	東京都	100-0001	JP
桂花	普	guihua.pu@example.org	+12025550130	513 示例路	北京市	100000	CN
Vũ	Trần	vu.tran@example.org	+12025550122	514 Đường Ví Dụ	Hà Nội	100000	VN
민수	심	minsu.sim@example.org	+12025550173	515 예시로	서울특별시	03000	KR
洋介	西村	yosuke.nishimura@example.org	+12025550140	516 サンプル通り	東京都	100-0001	JP
璐	冷	lu.leng@example.com	+12025550144	517 示例路	北京市	100000	CN
Tú	Đặng	tu.dang@example.com	+12025550148	518 Đường Ví Dụ	Hà Nội	100000	VN
민재	송	minjae.song@example.com	+12025550109	519 예시로	서울특별시	03000	KR
亮介	佐々木	ryosuke.sasaki@example.com	+12025550155	520 サンプル通り	東京都	100-0001	JP
凤兰	武	fenglan.wu@example.net	+12025550159	521 示例路	北京市	100000	CN
Hoàng	Phạm	hoang.pham@example.net	+12025550116	522 Đường Ví Dụ	Hà Nội	100000	VN
민준	백	minjun.baeg@example.net	+12025550149	523 예시로	서울특별시	03000	KR
涼平	橋本	ryohei.hashimoto@example.net	+12025550176	524 サンプル通り	東京都	100-0001	JP
伟	康	wei.kang@example.org	+12025550152	525 示例路	北京市	100000	CN
Phúc	Nguyễn	phuc.nguyen@example.org	+12025550160	526 Đường Ví Dụ	Hà Nội	100000	VN
병철	배	byeongcheol.bae@example.org	+12025550112	527 예시로	서울특별시	03000	KR
零	山下	rei.yamashita@example.org	+12025550176	528 サンプル通り	東京都	100-0001	JP
强	谢	qiang.xie@example.com	+12025550145	529 示例路	北京市	100000	CN
Trung	Nguyễn	trung.nguyen@example.com	+12025550109	530 Đường Ví Dụ	Hà Nội	100000	VN
상철	진	sangcheol.jin@example.com	+12025550171	531 예시로	서울특별시	03000	KR
明美	池田	akemi.ikeda@example.com	+12025550156	532 サンプル通り	東京都	100-0001	JP
磊	浦	lei.pu@example.net	+12025550132	533 示例路	北京市	100000	CN
Quang	Mai	quang.mai@example.net	+12025550175	534 Đường Ví Dụ	Hà Nội	100000	VN
상현	홍	sanghyeon.hong@example.net	+12025550120	535 예시로	서울특별시	03000	KR
あすか	藤井	asuka.fujii@example.net	+12025550198	536 サンプル通り	東京都	100-0001	JP
洋	吴	yang.wu@example.org	+12025550176	537 示例路	北京市	100000	CN
Anh	Vũ	anh.vu@example.org	+12025550105	538 Đường Ví Dụ	Hà Nội	100000	VN
상호	최	sangho.choe@example.org	+12025550109	539 예시로	서울특별시	03000	KR
香織	斉藤	kaori.saito@example.org	+12025550157	540 サンプル通り	東京都	100-0001	JP
勇	柏	yong.bai@example.com	+12025550194	541 示例路	北京市	100000	CN
Khoa	Phạm	khoa.pham@example.com	+12025550160	542 Đường Ví Dụ	Hà Nội	100000	VN
상훈	안	sanghun.an@example.com	+12025550194	543 예시로	서울특별시	03000	KR
加奈	小川	kana.ogawa@example.com	+12025550133	544 サンプル通り	東京都	100-0001	JP
军	衡	jun.heng@example.net	+12025550102	545 示例路	北京市	100000	CN
Dũng	Hoàng	dung.hoang@example.net	+12025550137	546 Đường Ví Dụ	Hà Nội	100000	VN
서준	박	seojun.bag@example.net	+12025550110	547 예시로	서울특별시	03000	KR
くみ子	山田	kumiko.yamada@example.net	+12025550187	548 サンプル通り	東京都	100-0001	JP
杰	班	jie.ban@example.org	+12025550189	549 示例路	北京市	100000	CN
Thành	Đặng	thanh.dang@example.org	+12025550146	550 Đường Ví Dụ	Hà Nội	100000	VN
성민	심	seongmin.sim@example.org	+12025550129	551 예시로	서울특별시	03000	KR
さゆり	石川	sayuri.ishikawa@example.org	+12025550173	552 サンプル通り	東京都	100-0001	JP
涛	宋	tao.song@example.com	+12025550154	553 示例路	北京市	100000	CN
Huy	Mai	huy.mai@example.com	+12025550150	554 Đường Ví Dụ	Hà Nội	100000	VN
성수	김	seongsu.gim@example.com	+12025550100	555 예시로	서울특별시	03000	KR
知実	山崎	satomi.yamazaki@example.com	+12025550160	556 サンプル通り	東京都	100-0001	JP
超	洪	chao.hong@example.net	+12025550188	557 示例路	北京市	100000	CN
Bảo	Đặng	bao.dang@example.net	+12025550153	558 Đường Ví Dụ	Hà Nội	100000	VN
성진	안	seongjin.an@example.net	+12025550124	559 예시로	서울특별시	03000	KR
千代	松本	chiyo.matsumoto@example.net	+12025550155	560 サンプル通り	東京都	100-0001	JP
明	简	ming.jian@example.org	+12025550167	561 示例路	北京市	100000	CN
Châu	Dương	chau.duong@example.org	+12025550185	562 Đường Ví Dụ	Hà Nội	100000	VN
성현	심	seonghyeon.sim@example.org	+12025550134	563 예시로	서울특별시	03000	KR
直子	藤田	naoko.fujita@example.org	+12025550194	564 サンプル通り	東京都	100-0001	JP
刚	衣	gang.yi@example.com	+12025550136	565 示例路	北京市	100000	CN
Minh	Vũ	minh.vu@example.com	+12025550156	566 Đường Ví Dụ	Hà Nội	100000	VN
성호	차	seongho.cha@example.com	+12025550150	567 예시로	서울특별시	03000	KR
七夏	佐々木	nanami.sasaki@example.com	+12025550108	568 サンプル通り	東京都	100-0001	JP
平	冯	ping.feng@example.net	+12025550137	569 示例路	北京市	100000	CN
Tùng	Bùi	tung.bui@example.net	+12025550193	570 Đường Ví Dụ	Hà Nội	100000	VN
성훈	안	seonghun.an@example.net	+12025550172	571 예시로	서울특별시	03000	KR
花子	岡田	hanako.okada@example.net	+12025550152	572 サンプル通り	東京都	100-0001	JP
辉	彭	hui.peng@example.org	+12025550186	573 示例路	北京市	100000	CN
Nhiên	Mai	nhien.mai@example.org	+12025550108	574 Đường Ví Dụ	Hà Nội	100000	VN
승민	나	seungmin.na@example.org	+12025550125	575 예시로	서울특별시	03000	KR
春香	長谷川	haruka.hasegawa@example.org	+12025550120	576 サンプル通り	東京都	100-0001	JP
鹏	吉	peng.ji@example.com	+12025550115	577 示例路	北京市	100000	CN
Trọng	Lê	trong.le@example.com	+12025550126	578 Đường Ví Dụ	Hà Nội	100000	VN
승현	지	seunghyeon.ji@example.com	+12025550195	579 예시로	서울특별시	03000	KR
真綾	西村	maaya.nishimura@example.com	+12025550133	580 サンプル通り	東京都	100-0001	JP
华	万	hua.wan@example.net	+12025550164	581 示例路	北京市	100000	CN
Ngọc	Phạm	ngoc.pham@example.net	+12025550199	582 Đường Ví Dụ	Hà Nội	100000	VN
시우	지	siu.ji@example.net	+12025550157	583 예시로	서울특별시	03000	KR
舞	渡辺	mai.watanabe@example.net	+12025550156	584 サンプル通り	東京都	100-0001	JP
飞	阎	fei.yan@example.org	+12025550173	585 示例路	北京市	100000	CN
Hương	Phạm	huong.pham@example.org	+12025550109	586 Đường Ví Dụ	Hà Nội	100000	VN
영길	윤	yeonggil.yun@example.org	+12025550130	587 예시로	서울특별시	03000	KR
美加子	加藤	mikako.kato@example.org	+12025550169	588 サンプル通り	東京都	100-0001	JP
鑫	莫	xin.mo@example.com	+12025550112	589 示例路	北京市	100000	CN
Lan	Dương	lan.duong@example.com	+12025550187	590 Đường Ví Dụ	Hà Nội	100000	VN
영수	강	yeongsu.gang@example.com	+12025550139	591 예시로	서울특별시	03000	KR
幹	高橋	miki.takahashi@example.com	+12025550165	592 サンプル通り	東京都	100-0001	JP
波	申	bo.shen@example.net	+12025550116	593 示例路	北京市	100000	CN
Mai	Lê	mai.le@example.net	+12025550129	594 Đường Ví Dụ	Hà Nội	100000	VN
영식	김	yeongsig.gim@example.net	+12025550118	595 예시로	서울특별시	03000	KR
桃子	岡本	momoko.okamoto@example.net	+12025550139	596 サンプル通り	東京都	100-0001	JP
斌	童	bin.tong@example.org	+12025550134	597 示例路	北京市	100000	CN
Thảo	Bùi	thao.bui@example.org	+12025550115	598 Đường Ví Dụ	Hà Nội	100000	VN
영일	강	yeongil.gang@example.org	+12025550101	599 예시로	서울특별시	03000	KR
結衣	吉田	yui.yoshida@example.org	+12025550162	600 サンプル通り	東京都	100-0001	JP
宇	闭	yu.bi@example.com	+12025550165	601 示例路	北京市	100000	CN
Linh	Nguyễn	linh.nguyen@example.com	+12025550185	602 Đường Ví Dụ	Hà Nội	100000	VN
영진	백	yeongjin.baeg@example.com	+12025550117	603 예시로	서울특별시	03000	KR
裕美子	高橋	yumiko.takahashi@example.com	+12025550157	604 サンプル通り	東京都	100-0001	JP
浩	祖	hao.zu@example.net	+12025550153	605 示例路	北京市	100000	CN
Hồng	Mai	hong.mai@example.net	+12025550195	606 Đường Ví Dụ	Hà Nội	100000	VN
영철	고	yeongcheol.go@example.net	+12025550172	607 예시로	서울특별시	03000	KR
陽子	橋本	yoko.hashimoto@example.net	+12025550140	608 サンプル通り	東京都	100-0001	JP
凯	诸	kai.zhu@example.org	+12025550194	609 示例路	北京市	100000	CN
Chi	Dương	chi.duong@example.org	+12025550104	610 Đường Ví Dụ	Hà Nội	100000	VN
영호	유	yeongho.yu@example.org	+12025550111	611 예시로	서울특별시	03000	KR
里佳	渡辺	rika.watanabe@example.org	+12025550172	612 サンプル通り	東京都	100-0001	JP
健	鲁	jian.lu@example.com	+12025550105	613 示例路	北京市	100000	CN
Vân	Bùi	van.bui@example.com	+12025550108	614 Đường Ví Dụ	Hà Nội	100000	VN
영환	하	yeonghwan.ha@example.com	+12025550176	615 예시로	서울특별시	03000	KR
晃	後藤	akira.goto@example.com	+12025550147	616 サンプル通り	東京都	100-0001	JP
俊	展	jun.zhan@example.net	+12025550129	617 示例路	北京市	100000	CN
Duyên	Bùi	duyen.bui@example.net	+12025550158	618 Đường Ví Dụ	Hà Nội	100000	VN
예준	엄	yejun.eom@example.net	+12025550111	619 예시로	서울특별시	03000	KR
篤司	前田	atsushi.maeda@example.net	+12025550141	620 サンプル通り	東京都	100-0001	JP
帆	詹	fan.zhan@example.org	+12025550110	621 示例路	北京市	100000	CN
Dương	Dương	duong.duong@example.org	+12025550145	622 Đường Ví Dụ	Hà Nội	100000	VN
우진	배	ujin.bae@example.org	+12025550109	623 예시로	서울특별시	03000	KR
治	佐藤	osamu.sato@example.org	+12025550136	624 サンプル通り	東京都	100-0001	JP
帅	解	shuai.jie@example.com	+12025550194	625 示例路	北京市	100000	CN
Yến	Dương	yen.duong@example.com	+12025550175	626 Đường Ví Dụ	Hà Nội	100000	VN
재현	문	jaehyeon.mun@example.com	+12025550185	627 예시로	서울특별시	03000	KR
和也	山本	kazuya.yamamoto@example.com	+12025550165	628 サンプル通り	東京都	100-0001	JP
旭	邵	xu.shao@example.net	+12025550141	629 示例路	北京市	100000	CN
Vi	Dương	vi.duong@example.net	+12025550167	630 Đường Ví Dụ	Hà Nội	100000	VN
재호	류	jaeho.lyu@example.net	+12025550131	631 예시로	서울특별시	03000	KR
京助	小林	kyosuke.kobayashi@example.net	+12025550149	632 サンプル通り	東京都	100-0001	JP
宁	褚	ning.chu@example.org	+12025550119	633 示例路	北京市	100000	CN
Ánh	Bùi	anh.bui@example.org	+12025550166	634 Đường Ví Dụ	Hà Nội	100000	VN
정남	조	jeongnam.jo@example.org	+12025550130	635 예시로	서울특별시	03000	KR
健一	斎藤	kenichi.saito@example.org	+12025550135	636 サンプル通り	東京都	100-0001	JP
龙	韩	long.han@example.com	+12025550186	637 示例路	北京市	100000	CN
Xuân	Vũ	xuan.vu@example.com	+12025550183	638 Đường Ví Dụ	Hà Nội	100000	VN
정수	남	jeongsu.nam@example.com	+12025550172	639 예시로	서울특별시	03000	KR
修平	岡田	shohei.okada@example.com	+12025550111	640 サンプル通り	東京都	100-0001	JP
林	刘	lin.liu@example.net	+12025550131	641 示例路	北京市	100000	CN
An	Bùi	an.bui@example.net	+12025550132	642 Đường Ví Dụ	Hà Nội	100000	VN
정식	서	jeongsig.seo@example.net	+12025550169	643 예시로	서울특별시	03000	KR
翔太	太田	shota.ota@example.net	+12025550100	644 サンプル通り	東京都	100-0001	JP
欢	项	huan.xiang@example.org	+12025550118	645 示例路	北京市	100000	CN
Hà	Trần	ha.tran@example.org	+12025550148	646 Đường Ví Dụ	Hà Nội	100000	VN
정웅	황	jeongung.hwang@example.org	+12025550138	647 예시로	서울특별시	03000	KR
淳	石井	jun.ishii@example.org	+12025550118	648 サンプル通り	東京都	100-0001	JP
佳	白	jia.bai@example.com	+12025550170	649 示例路	北京市	100000	CN
Lâm	Đặng	lam.dang@example.com	+12025550121	650 Đường Ví Dụ	Hà Nội	100000	VN
정호	홍	jeongho.hong@example.com	+12025550169	651 예시로	서울특별시	03000	KR
聡太郎	小林	sotaro.kobayashi@example.com	+12025550195	652 サンプル通り	東京都	100-0001	JP
阳	包	yang.bao@example.net	+12025550167	653 示例路	北京市	100000	CN
Hạnh	Bùi	hanh.bui@example.net	+12025550132	654 Đường Ví Dụ	Hà Nội	100000	VN
정훈	나	jeonghun.na@example.net	+12025550143	655 예시로	서울특별시	03000	KR
太一	木村	taichi.kimura@example.net	+12025550147	656 サンプル通り	東京都	100-0001	JP
建华	柏	jianhua.bai@example.org	+12025550158	657 示例路	北京市	100000	CN
Kim	Nguyễn	kim.nguyen@example.org	+12025550186	658 Đường Ví Dụ	Hà Nội	100000	VN
종수	민	jongsu.min@example.org	+12025550141	659 예시로	서울특별시	03000	KR
太郎	斎藤	taro.saito@example.org	+12025550179	660 サンプル通り	東京都	100-0001	JP
亮	秦	liang.qin@example.com	+12025550142	661 示例路	北京市	100000	CN
Nhật	Mai	nhat.mai@example.com	+12025550196	662 Đường Ví Dụ	Hà Nội	100000	VN
주원	김	juwon.gim@example.com	+12025550120	663 예시로	서울특별시	03000	KR
拓真	加藤	takuma.kato@example.com	+12025550140	664 サンプル通り	東京都	100-0001	JP
成	王	cheng.wang@example.net	+12025550113	665 示例路	北京市	100000	CN
Phương	Hoàng	phuong.hoang@example.net	+12025550157	666 Đường Ví Dụ	Hà Nội	100000	VN
준서	지	junseo.ji@example.net	+12025550177	667 예시로	서울특별시	03000	KR
翼	山本	tsubasa.yamamoto@example.net	+12025550165	668 サンプル通り	東京都	100-0001	JP
建	冉	jian.ran@example.org	+12025550132	669 示例路	北京市	100000	CN
Hải	Phạm	hai.pham@example.org	+12025550150	670 Đường Ví Dụ	Hà Nội	100000	VN
준영	주	junyeong.ju@example.org	+12025550184	671 예시로	서울특별시	03000	KR
智也	中川	tomoya.nakagawa@example.org	+12025550107	672 サンプル通り	東京都	100-0001	JP
峰	普	feng.pu@example.com	+12025550175	673 示例路	北京市	100000	CN
Nam	Đặng	nam.dang@example.com	+12025550126	674 Đường Ví Dụ	Hà Nội	100000	VN
준혁	문	junhyeog.mun@example.com	+12025550171	675 예시로	서울특별시	03000	KR
直樹	中川	naoki.nakagawa@example.com	+12025550165	676 サンプル通り	東京都	100-0001	JP
建国	奉	jianguo.feng@example.net	+12025550120	677 示例路	北京市	100000	CN
Hưng	Trần	hung.tran@example.net	+12025550149	678 Đường Ví Dụ	Hà Nội	100000	VN
준호	김	junho.gim@example.net	+12025550112	679 예시로	서울특별시	03000	KR
直人	吉田	naoto.yoshida@example.net	+12025550172	680 サンプル通り	東京都	100-0001	JP
建军	游	jianjun.you@example.org	+12025550190	681 示例路	北京市	100000	CN
Vũ	Phạm	vu.pham@example.org	+12025550170	682 Đường Ví Dụ	Hà Nội	100000	VN
중수	전	jungsu.jeon@example.org	+12025550151	683 예시로	서울특별시	03000	KR
英樹	橋本	hideki.hashimoto@example.org	+12025550161	684 サンプル通り	東京都	100-0001	JP
晨	禹	chen.yu@example.com	+12025550197	685 示例路	北京市	100000	CN
Tú	Hoàng	tu.hoang@example.com	+12025550102	686 Đường Ví Dụ	Hà Nội	100000	VN
지후	민	jihu.min@example.com	+12025550199	687 예시로	서울특별시	03000	KR
浩	前田	hiroshi.maeda@example.com	+12025550198	688 サンプル通り	東京都	100-0001	JP
瑞	卫	rui.wei@example.net	+12025550199	689 示例路	北京市	100000	CN
Hoàng	Đặng	hoang.dang@example.net	+12025550174	690 Đường Ví Dụ	Hà Nội	100000	VN
지훈	안	jihun.an@example.net	+12025550171	691 예시로	서울특별시	03000	KR
学	松田	manabu.matsuda@example.net	+12025550110	692 サンプル通り	東京都	100-0001	JP
志强	杜	zhiqiang.du@example.org	+12025550158	693 示例路	北京市	100000	CN
Phúc	Đặng	phuc.dang@example.org	+12025550135	694 Đường Ví Dụ	Hà Nội	100000	VN
진우	김	jinu.gim@example.org	+12025550180	695 예시로	서울특별시	03000	KR
充	井上	mituru.inoue@example.org	+12025550159	696 サンプル通り	東京都	100-0001	JP
兵	陆	bing.lu@example.com	+12025550138	697 示例路	北京市	100000	CN
Trung	Trần	trung.tran@example.com	+12025550199	698 Đường Ví Dụ	Hà Nội	100000	VN
진호	주	jinho.ju@example.com	+12025550181	699 예시로	서울특별시	03000	KR
稔	伊藤	minoru.ito@example.com	+12025550176	700 サンプル通り	東京都	100-0001	JP
雷	晁	lei.chao@example.net	+12025550148	701 示例路	北京市	100000	CN
Quang	Dương	quang.duong@example.net	+12025550170	702 Đường Ví Dụ	Hà Nội	100000	VN
현우	유	hyeonu.yu@example.net	+12025550149	703 예시로	서울특별시	03000	KR
裕樹	長谷川	yuki.hasegawa@example.net	+12025550144	704 サンプル通り	東京都	100-0001	JP
东	粟	dong.su@example.org	+12025550192	705 示例路	北京市	100000	CN
Anh	Hoàng	anh.hoang@example.org	+12025550147	706 Đường Ví Dụ	Hà Nội	100000	VN
현준	신	hyeonjun.sin@example.org	+12025550118	707 예시로	서울특별시	03000	KR
裕太	山崎	yuta.yamazaki@example.org	+12025550144	708 サンプル通り	東京都	100-0001	JP
博	查	bo.cha@example.com	+12025550142	709 示例路	北京市	100000	CN
Khoa	Trần	khoa.tran@example.com	+12025550137	710 Đường Ví Dụ	Hà Nội	100000	VN
경숙	양	gyeongsug.yang@example.com	+12025550118	711 예시로	서울특별시	03000	KR
康弘	藤原	yasuhiro.fujiwara@example.com	+12025550143	712 サンプル通り	東京都	100-0001	JP
彬	毕	bin.bi@example.net	+12025550193	713 示例路	北京市	100000	CN
Dũng	Mai	dung.mai@example.net	+12025550176	714 Đường Ví Dụ	Hà Nội	100000	VN
경자	조	gyeongja.jo@example.net	+12025550171	715 예시로	서울특별시	03000	KR
陽一	太田	yoichi.ota@example.net	+12025550109	716 サンプル通り	東京都	100-0001	JP
坤	鲜	kun.xian@example.org	+12025550191	717 示例路	北京市	100000	CN
Thành	Mai	thanh.mai@example.org	+12025550140	718 Đường Ví Dụ	Hà Nội	100000	VN
경희	차	gyeonghui.cha@example.org	+12025550153	719 예시로	서울특별시	03000	KR
洋介	福田	yosuke.fukuda@example.org	+12025550179	720 サンプル通り	東京都	100-0001	JP
想	时	xiang.shi@example.com	+12025550183	721 示例路	北京市	100000	CN
Huy	Hoàng	huy.hoang@example.com	+12025550187	722 Đường Ví Dụ	Hà Nội	100000	VN
명숙	류	myeongsug.lyu@example.com	+12025550147	723 예시로	서울특별시	03000	KR
亮介	池田	ryosuke.ikeda@example.com	+12025550141	724 サンプル通り	東京都	100-0001	JP
岩	智	yan.zhi@example.net	+12025550120	725 示例路	北京市	100000	CN
Bảo	Mai	bao.mai@example.net	+12025550173	726 Đường Ví Dụ	Hà Nội	100000	VN
명자	권	myeongja.gwon@example.net	+12025550195	727 예시로	서울특별시	03000	KR
涼平	村上	ryohei.murakami@example.net	+12025550157	728 サンプル通り	東京都	100-0001	JP
杨	仲	yang.zhong@example.org	+12025550115	729 示例路	北京市	100000	CN
Châu	Lê	chau.le@example.org	+12025550116	730 Đường Ví Dụ	Hà Nội	100000	VN
미경	오	migyeong.o@example.org	+12025550138	731 예시로	서울특별시	03000	KR
零	岡田	rei.okada@example.org	+12025550116	732 サンプル通り	東京都	100-0001	JP
文	漆	wen.qi@example.com	+12025550137	733 示例路	北京市	100000	CN
Minh	Lê	minh.le@example.com	+12025550115	734 Đường Ví Dụ	Hà Nội	100000	VN
미숙	박	misug.bag@example.com	+12025550147	735 예시로	서울특별시	03000	KR
明美	伊藤	akemi.ito@example.com	+12025550132	736 サンプル通り	東京都	100-0001	JP
利	车	li.che@example.net	+12025550115	737 示例路	北京市	100000	CN
Tùng	Nguyễn	tung.nguyen@example.net	+12025550176	738 Đường Ví Dụ	Hà Nội	100000	VN
미영	류	miyeong.lyu@example.net	+12025550177	739 예시로	서울특별시	03000	KR
あすか	藤田	asuka.fujita@example.net	+12025550189	740 サンプル通り	東京都	100-0001	JP
楠	惠	nan.hui@example.org	+12025550103	741 示例路	北京市	100000	CN
Nhiên	Trần	nhien.tran@example.org	+12025550134	742 Đường Ví Dụ	Hà Nội	100000	VN
미정	신	mijeong.sin@example.org	+12025550175	743 예시로	서울특별시	03000	KR
香織	松田	kaori.matsuda@example.org	+12025550179	744 サンプル通り	東京都	100-0001	JP
红霞	毛	hongxia.mao@example.com	+12025550123	745 示例路	北京市	100000	CN
Trọng	Đặng	trong.dang@example.com	+12025550111	746 Đường Ví Dụ	Hà Nội	100000	VN
민서	고	minseo.go@example.com	+12025550134	747 예시로	서울특별시	03000	KR
加奈	山崎	kana.yamazaki@example.com	+12025550169	748 サンプル通り	東京都	100-0001	JP
建平	来	jianping.lai@example.net	+12025550158	749 示例路	北京市	100000	CN
Ngọc	Trần	ngoc.tran@example.net	+12025550108	750 Đường Ví Dụ	Hà Nội	100000	VN
민지	신	minji.sin@example.net	+12025550134	751 예시로	서울특별시	03000	KR
くみ子	近藤	kumiko.kondo@example.net	+12025550159	752 サンプル通り	東京都	100-0001	JP
芳	石	fang.shi@example.org	+12025550190	753 示例路	北京市	100000	CN
Hương	Hoàng	huong.hoang@example.org	+12025550101	754 Đường Ví Dụ	Hà Nội	100000	VN
보람	이	bolam.i@example.org	+12025550149	755 예시로	서울특별시	03000	KR
さゆり	後藤	sayuri.goto@example.org	+12025550162	756 サンプル通り	東京都	100-0001	JP
娜	虞	na.yu@example.com	+12025550171	757 示例路	北京市	100000	CN
Lan	Hoàng	lan.hoang@example.com	+12025550108	758 Đường Ví Dụ	Hà Nội	100000	VN
서연	유	seoyeon.yu@example.com	+12025550176	759 예시로	서울특별시	03000	KR
知実	岡田	satomi.okada@example.com	+12025550163	760 サンプル通り	東京都	100-0001	JP
敏	伍	min.wu@example.net	+12025550190	761 示例路	北京市	100000	CN
Mai	Nguyễn	mai.nguyen@example.net	+12025550187	762 Đường Ví Dụ	Hà Nội	100000	VN
서영	전	seoyeong.jeon@example.net	+12025550170	763 예시로	서울특별시	03000	KR
千代	小川	chiyo.ogawa@example.net	+12025550195	764 サンプル通り	東京都	100-0001	JP
静	门	jing.men@example.org	+12025550157	765 示例路	北京市	100000	CN
Thảo	Hoàng	thao.hoang@example.org	+12025550199	766 Đường Ví Dụ	Hà Nội	100000	VN
서윤	지	seoyun.ji@example.org	+12025550140	767 예시로	서울특별시	03000	KR
直子	山崎	naoko.yamazaki@example.org	+12025550188	768 サンプル通り	東京都	100-0001	JP
秀英	安	xiuying.an@example.com	+12025550152	769 示例路	北京市	100000	CN
Linh	Hoàng	linh.hoang@example.com	+12025550156	770 Đường Ví Dụ	Hà Nội	100000	VN
서현	강	seohyeon.gang@example.com	+12025550111	771 예시로	서울특별시	03000	KR
七夏	高橋	nanami.takahashi@example.com	+12025550188	772 サンプル通り	東京都	100-0001	JP
丽	莫	li.mo@example.net	+12025550163	773 示例路	北京市	100000	CN
Hồng	Bùi	hong.bui@example.net	+12025550156	774 Đường Ví Dụ	Hà Nội	100000	VN
선영	심	seonyeong.sim@example.net	+12025550115	775 예시로	서울특별시	03000	KR
花子	阿部	hanako.abe@example.net	+12025550128	776 サンプル通り	東京都	100-0001	JP
艳	战	yan.zhan@example.org	+12025550177	777 示例路	北京市	100000	CN
Chi	Phạm	chi.pham@example.org	+12025550110	778 Đường Ví Dụ	Hà Nội	100000	VN
수민	홍	sumin.hong@example.org	+12025550194	779 예시로	서울특별시	03000	KR
春香	石井	haruka.ishii@example.org	+12025550189	780 サンプル通り	東京都	100-0001	JP
娟	雍	juan.yong@example.com	+12025550180	781 示例路	北京市	100000	CN
Vân	Đặng	van.dang@example.com	+12025550176	782 Đường Ví Dụ	Hà Nội	100000	VN
수빈	박	subin.bag@example.com	+12025550174	783 예시로	서울특별시	03000	KR
真綾	三浦	maaya.miura@example.com	+12025550178	784 サンプル通り	東京都	100-0001	JP
霞	梁	xia.liang@example.net	+12025550147	785 示例路	北京市	100000	CN
Duyên	Nguyễn	duyen.nguyen@example.net	+12025550184	786 Đường Ví Dụ	Hà Nội	100000	VN
수진	유	sujin.yu@example.net	+12025550120	787 예시로	서울특별시	03000	KR
舞	三浦	mai.miura@example.net	+12025550153	788 サンプル通り	東京都	100-0001	JP
秀兰	邝	xiulan.kuang@example.org	+12025550144	789 示例路	北京市	100000	CN
Dương	Vũ	duong.vu@example.org	+12025550115	790 Đường Ví Dụ	Hà Nội	100000	VN
숙자	엄	sugja.eom@example.org	+12025550151	791 예시로	서울특별시	03000	KR
美加子	鈴木	mikako.suzuki@example.org	+12025550127	792 サンプル通り	東京都	100-0001	JP
燕	明	yan.ming@example.com	+12025550145	793 示例路	北京市	100000	CN
Yến	Bùi	yen.bui@example.com	+12025550197	794 Đường Ví Dụ	Hà Nội	100000	VN
순옥	진	sunog.jin@example.com	+12025550118	795 예시로	서울특별시	03000	KR
幹	岡本	miki.okamoto@example.com	+12025550118	796 サンプル通り	東京都	100-0001	JP
玲	晏	ling.yan@example.net	+12025550110	797 示例路	北京市	100000	CN
Vi	Mai	vi.mai@example.net	+12025550171	798 Đường Ví Dụ	Hà Nội	100000	VN
순자	최	sunja.choe@example.net	+12025550121	799 예시로	서울특별시	03000	KR
桃子	伊藤	momoko.ito@example.net	+12025550156	800 サンプル通り	東京都	100-0001	JP
桂英	彭	guiying.peng@example.org	+12025550119	801 示例路	北京市	100000	CN
Ánh	Nguyễn	anh.nguyen@example.org	+12025550105	802 Đường Ví Dụ	Hà Nội	100000	VN
아름	류	aleum.lyu@example.org	+12025550147	803 예시로	서울특별시	03000	KR
結衣	山田	yui.yamada@example.org	+12025550190	804 サンプル通り	東京都	100-0001	JP
丹	荣	dan.rong@example.com	+12025550108	805 示例路	北京市	100000	CN
Xuân	Hoàng	xuan.hoang@example.com	+12025550125	806 Đường Ví Dụ	Hà Nội	100000	VN
영미	심	yeongmi.sim@example.com	+12025550143	807 예시로	서울특별시	03000	KR
裕美子	田中	yumiko.tanaka@example.com	+12025550148	808 サンプル通り	東京都	100-0001	JP
萍	万	ping.wan@example.net	+12025550153	809 示例路	北京市	100000	CN
An	Vũ	an.vu@example.net	+12025550174	810 Đường Ví Dụ	Hà Nội	100000	VN
영숙	고	yeongsug.go@example.net	+12025550171	811 예시로	서울특별시	03000	KR
陽子	岡本	yoko.okamoto@example.net	+12025550183	812 サンプル通り	東京都	100-0001	JP
红	智	hong.zhi@example.org	+12025550104	813 示例路	北京市	100000	CN
Hà	Mai	ha.mai@example.org	+12025550129	814 Đường Ví Dụ	Hà Nội	100000	VN
영순	오	yeongsun.o@example.org	+12025550185	815 예시로	서울특별시	03000	KR
里佳	中島	rika.nakajima@example.org	+12025550106	816 サンプル通り	東京都	100-0001	JP
玉兰	植	yulan.zhi@example.com	+12025550100	817 示例路	北京市	100000	CN
Lâm	Bùi	lam.bui@example.com	+12025550166	818 Đường Ví Dụ	Hà Nội	100000	VN
영자	홍	yeongja.hong@example.com	+12025550197	819 예시로	서울특별시	03000	KR
晃	近藤	akira.kondo@example.com	+12025550184	820 サンプル通り	東京都	100-0001	JP
桂兰	常	guilan.chang@example.net	+12025550147	821 示例路	北京市	100000	CN
Hạnh	Hoàng	hanh.hoang@example.net	+12025550165	822 Đường Ví Dụ	Hà Nội	100000	VN
영희	배	yeonghui.bae@example.net	+12025550158	823 예시로	서울특별시	03000	KR
篤司	池田	atsushi.ikeda@example.net	+12025550127	824 サンプル通り	東京都	100-0001	JP
英	何	ying.he@example.org	+12025550178	825 示例路	北京市	100000	CN
Kim	Hoàng	kim.hoang@example.org	+12025550103	826 Đường Ví Dụ	Hà Nội	100000	VN
예원	홍	yewon.hong@example.org	+12025550182	827 예시로	서울특별시	03000	KR
治	石川	osamu.ishikawa@example.org	+12025550116	828 サンプル通り	東京都	100-0001	JP
梅	薛	mei.xue@example.com	+12025550161	829 示例路	北京市	100000	CN
Nhật	Phạm	nhat.pham@example.com	+12025550141	830 Đường Ví Dụ	Hà Nội	100000	VN
예은	류	yeeun.lyu@example.com	+12025550126	831 예시로	서울특별시	03000	KR
和也	近藤	kazuya.kondo@example.com	+12025550141	832 サンプル通り	東京都	100-0001	JP
莉	宫	li.gong@example.net	+12025550116	833 示例路	北京市	100000	CN
Phương	Dương	phuong.duong@example.net	+12025550176	834 Đường Ví Dụ	Hà Nội	100000	VN
예지	한	yeji.han@example.net	+12025550186	835 예시로	서울특별시	03000	KR
京助	山本	kyosuke.yamamoto@example.net	+12025550182	836 サンプル通り	東京都	100-0001	JP
秀珍	尚	xiuzhen.shang@example.org	+12025550189	837 示例路	北京市	100000	CN
Hải	Hoàng	hai.hoang@example.org	+12025550133	838 Đường Ví Dụ	Hà Nội	100000	VN
예진	권	yejin.gwon@example.org	+12025550141	839 예시로	서울특별시	03000	KR
健一	青木	kenichi.aoki@example.org	+12025550148	840 サンプル通り	東京都	100-0001	JP
婷	郎	ting.lang@example.com	+12025550172	841 示例路	北京市	100000	CN
Nam	Hoàng	nam.hoang@example.com	+12025550145	842 Đường Ví Dụ	Hà Nội	100000	VN
옥순	윤	ogsun.yun@example.com	+12025550143	843 예시로	서울특별시	03000	KR
修平	中島	shohei.nakajima@example.com	+12025550159	844 サンプル通り	東京都	100-0001	JP
玉梅	邸	yumei.di@example.net	+12025550112	845 示例路	北京市	100000	CN
Hưng	Hoàng	hung.hoang@example.net	+12025550142	846 Đường Ví Dụ	Hà Nội	100000	VN
옥자	허	ogja.heo@example.net	+12025550139	847 예시로	서울특별시	03000	KR
翔太	中村	shota.nakamura@example.net	+12025550186	848 サンプル通り	東京都	100-0001	JP
玉珍	鲁	yuzhen.lu@example.org	+12025550154	849 示例路	北京市	100000	CN
Vũ	Đặng	vu.dang@example.org	+12025550109	850 Đường Ví Dụ	Hà Nội	100000	VN
유진	최	yujin.choe@example.org	+12025550158	851 예시로	서울특별시	03000	KR
淳	山本	jun.yamamoto@example.org	+12025550165	852 サンプル通り	東京都	100-0001	JP
凤英	戈	fengying.ge@example.com	+12025550146	853 示例路	北京市	100000	CN
Tú	Bùi	tu.bui@example.com	+12025550174	854 Đường Ví Dụ	Hà Nội	100000	VN
윤서	이	yunseo.i@example.com	+12025550122	855 예시로	서울특별시	03000	KR
聡太郎	山口	sotaro.yamaguchi@example.com	+12025550183	856 サンプル通り	東京都	100-0001	JP
晶	梁	jing.liang@example.net	+12025550103	857 示例路	北京市	100000	CN
Hoàng	Trần	hoang.tran@example.net	+12025550103	858 Đường Ví Dụ	Hà Nội	100000	VN
은경	백	eungyeong.baeg@example.net	+12025550189	859 예시로	서울특별시	03000	KR
太一	佐藤	taichi.sato@example.net	+12025550183	860 サンプル通り	東京都	100-0001	JP
玉英	云	yuying.yun@example.org	+12025550181	861 示例路	北京市	100000	CN
Phúc	Vũ	phuc.vu@example.org	+12025550176	862 Đường Ví Dụ	Hà Nội	100000	VN
은서	곽	eunseo.gwag@example.org	+12025550123	863 예시로	서울특별시	03000	KR
太郎	石川	taro.ishikawa@example.org	+12025550180	864 サンプル通り	東京都	100-0001	JP
颖	闻	ying.wen@example.com	+12025550117	865 示例路	北京市	100000	CN
Trung	Mai	trung.mai@example.com	+12025550130	866 Đường Ví Dụ	Hà Nội	100000	VN
은영	노	eunyeong.no@example.com	+12025550119	867 예시로	서울특별시	03000	KR
拓真	後藤	takuma.goto@example.com	+12025550174	868 サンプル通り	東京都	100-0001	JP
雪	昝	xue.zan@example.net	+12025550143	869 示例路	北京市	100000	CN
Quang	Hoàng	quang.hoang@example.net	+12025550117	870 Đường Ví Dụ	Hà Nội	100000	VN
은정	엄	eunjeong.eom@example.net	+12025550124	871 예시로	서울특별시	03000	KR
翼	伊藤	tsubasa.ito@example.net	+12025550148	872 サンプル通り	東京都	100-0001	JP
慧	胡	hui.hu@example.org	+12025550167	873 示例路	北京市	100000	CN
Anh	Dương	anh.duong@example.com	+12025550169	874 Đường Ví Dụ	Hà Nội	100000	VN
은주	강	eunju.gang@example.org	+12025550134	875 예시로	서울특별시	03000	KR
智也	藤原	tomoya.fujiwara@example.org	+12025550105	876 サンプル通り	東京都	100-0001	JP
红梅	刘	hongmei.liu@example.com	+12025550164	877 示例路	北京市	100000	CN
Khoa	Đặng	khoa.dang@example.com	+12025550142	878 Đường Ví Dụ	Hà Nội	100000	VN
은지	나	eunji.na@example.com	+12025550181	879 예시로	서울특별시	03000	KR
直樹	村上	naoki.murakami@example.com	+12025550187	880 サンプル通り	東京都	100-0001	JP
倩	危	qian.wei@example.net	+12025550101	881 示例路	北京市	100000	CN
Dũng	Lê	dung.le@example.net	+12025550139	882 Đường Ví Dụ	Hà Nội	100000	VN
정숙	곽	jeongsug.gwag@example.net	+12025550102	883 예시로	서울특별시	03000	KR
直人	斎藤	naoto.saito@example.net	+12025550119	884 サンプル通り	東京都	100-0001	JP
琴	乐	qin.le@example.org	+12025550116	885 示例路	北京市	100000	CN
Thành	Hoàng	thanh.hoang@example.org	+12025550186	886 Đường Ví Dụ	Hà Nội	100000	VN
정순	류	jeongsun.lyu@example.org	+12025550135	887 예시로	서울특별시	03000	KR
英樹	石川	hideki.ishikawa@example.org	+12025550137	888 サンプル通り	東京都	100-0001	JP
兰英	信	lanying.xin@example.com	+12025550146	889 示例路	北京市	100000	CN
Huy	Dương	huy.duong@example.com	+12025550169	890 Đường Ví Dụ	Hà Nội	100000	VN
정자	백	jeongja.baeg@example.com	+12025550137	891 예시로	서울특별시	03000	KR
浩	高橋	hiroshi.takahashi@example.com	+12025550161	892 サンプル通り	東京都	100-0001	JP
畅	雷	chang.lei@example.net	+12025550128	893 示例路	北京市	100000	CN
Bảo	Hoàng	bao.hoang@example.net	+12025550104	894 Đường Ví Dụ	Hà Nội	100000	VN
정희	곽	jeonghui.gwag@example.net	+12025550170	895 예시로	서울특별시	03000	KR
学	藤田	manabu.fujita@example.net	+12025550111	896 サンプル通り	東京都	100-0001	JP
云	柴	yun.chai@example.org	+12025550131	897 示例路	北京市	100000	CN
Châu	Hoàng	chau.hoang@example.org	+12025550109	898 Đường Ví Dụ	Hà Nội	100000	VN
지민	심	jimin.sim@example.org	+12025550116	899 예시로	서울특별시	03000	KR
充	三浦	mituru.miura@example.org	+12025550185	900 サンプル通り	東京都	100-0001	JP
洁	王	jie.wang@example.com	+12025550198	901 示例路	北京市	100000	CN
Minh	Dương	minh.duong@example.com	+12025550131	902 Đường Ví Dụ	Hà Nội	100000	VN
지아	배	jia.bae@example.com	+12025550128	903 예시로	서울특별시	03000	KR
稔	佐藤	minoru.sato@example.com	+12025550112	904 サンプル通り	東京都	100-0001	JP
柳	禹	liu.yu@example.net	+12025550163	905 示例路	北京市	100000	CN
Tùng	Lê	tung.le@example.net	+12025550176	906 Đường Ví Dụ	Hà Nội	100000	VN
지연	진	jiyeon.jin@example.net	+12025550151	907 예시로	서울특별시	03000	KR
裕樹	田中	yuki.tanaka@example.net	+12025550147	908 サンプル通り	東京都	100-0001	JP
淑珍	盛	shuzhen.sheng@example.org	+12025550107	909 示例路	北京市	100000	CN
Nhiên	Nguyễn	nhien.nguyen@example.org	+12025550163	910 Đường Ví Dụ	Hà Nội	100000	VN
지영	류	jiyeong.lyu@example.org	+12025550126	911 예시로	서울특별시	03000	KR
裕太	阿部	yuta.abe@example.org	+12025550199	912 サンプル通り	東京都	100-0001	JP
春梅	薄	chunmei.bao@example.com	+12025550102	913 示例路	北京市	100000	CN
Trọng	Bùi	trong.bui@example.com	+12025550120	914 Đường Ví Dụ	Hà Nội	100000	VN
지우	신	jiu.sin@example.com	+12025550133	915 예시로	서울특별시	03000	KR
康弘	斎藤	yasuhiro.saito@example.com	+12025550140	916 サンプル通り	東京都	100-0001	JP
海燕	展	haiyan.zhan@example.net	+12025550179	917 示例路	北京市	100000	CN
Ngọc	Bùi	ngoc.bui@example.net	+12025550181	918 Đường Ví Dụ	Hà Nội	100000	VN
지원	송	jiwon.song@example.net	+12025550105	919 예시로	서울특별시	03000	KR
陽一	森	yoichi.mori@example.net	+12025550191	920 サンプル通り	東京都	100-0001	JP
冬梅	都	dongmei.dou@example.org	+12025550115	921 示例路	北京市	100000	CN
Hương	Mai	huong.mai@example.org	+12025550199	922 Đường Ví Dụ	Hà Nội	100000	VN
지은	심	jieun.sim@example.org	+12025550153	923 예시로	서울특별시	03000	KR
洋介	田中	yosuke.tanaka@example.org	+12025550120	924 サンプル通り	東京都	100-0001	JP
秀荣	温	xiurong.wen@example.com	+12025550199	925 示例路	北京市	100000	CN
Lan	Vũ	lan.vu@example.com	+12025550167	926 Đường Ví Dụ	Hà Nội	100000	VN
지현	서	jihyeon.seo@example.com	+12025550193	927 예시로	서울특별시	03000	KR
亮介	三浦	ryosuke.miura@example.com	+12025550104	928 サンプル通り	東京都	100-0001	JP
桂珍	纪	guizhen.ji@example.net	+12025550176	929 示例路	北京市	100000	CN
Mai	Phạm	mai.pham@example.net	+12025550153	930 Đường Ví Dụ	Hà Nội	100000	VN
지혜	나	jihye.na@example.net	+12025550138	931 예시로	서울특별시	03000	KR
涼平	斉藤	ryohei.saito@example.net	+12025550172	932 サンプル通り	東京都	100-0001	JP
莹	窦	ying.dou@example.org	+12025550178	933 示例路	北京市	100000	CN
Thảo	Mai	thao.mai@example.org	+12025550127	934 Đường Ví Dụ	Hà Nội	100000	VN
채원	민	chaewon.min@example.org	+12025550185	935 예시로	서울특별시	03000	KR
零	高橋	rei.takahashi@example.org	+12025550118	936 サンプル通り	東京都	100-0001	JP
秀云	斯	xiuyun.si@example.com	+12025550193	937 示例路	北京市	100000	CN
Linh	Đặng	linh.dang@example.com	+12025550192	938 Đường Ví Dụ	Hà Nội	100000	VN
춘자	장	chunja.jang@example.com	+12025550185	939 예시로	서울특별시	03000	KR
明美	石井	akemi.ishii@example.com	+12025550157	940 サンプル通り	東京都	100-0001	JP
桂荣	任	guirong.ren@example.net	+12025550182	941 示例路	北京市	100000	CN
Hồng	Phạm	hong.pham@example.net	+12025550198	942 Đường Ví Dụ	Hà Nội	100000	VN
하윤	류	hayun.lyu@example.net	+12025550125	943 예시로	서울특별시	03000	KR
あすか	田中	asuka.tanaka@example.net	+12025550137	944 サンプル通り	東京都	100-0001	JP
秀梅	衣	xiumei.yi@example.org	+12025550180	945 示例路	北京市	100000	CN
Chi	Lê	chi.le@example.org	+12025550128	946 Đường Ví Dụ	Hà Nội	100000	VN
하은	허	haeun.heo@example.org	+12025550152	947 예시로	서울특별시	03000	KR
香織	吉田	kaori.yoshida@example.org	+12025550109	948 サンプル通り	東京都	100-0001	JP
丽娟	张	lijuan.zhang@example.com	+12025550160	949 示例路	北京市	100000	CN
Vân	Lê	van.le@example.com	+12025550163	950 Đường Ví Dụ	Hà Nội	100000	VN
현숙	한	hyeonsug.han@example.com	+12025550128	951 예시로	서울특별시	03000	KR
加奈	松田	kana.matsuda@example.com	+12025550132	952 サンプル通り	東京都	100-0001	JP
婷婷	侯	tingting.hou@example.net	+12025550133	953 示例路	北京市	100000	CN
Duyên	Đặng	duyen.dang@example.net	+12025550176	954 Đường Ví Dụ	Hà Nội	100000	VN
현정	엄	hyeonjeong.eom@example.net	+12025550105	955 예시로	서울특별시	03000	KR
くみ子	石井	kumiko.ishii@example.net	+12025550101	956 サンプル通り	東京都	100-0001	JP
玉华	索	yuhua.suo@example.org	+12025550132	957 示例路	北京市	100000	CN
Dương	Đặng	duong.dang@example.org	+12025550157	958 Đường Ví Dụ	Hà Nội	100000	VN
현주	황	hyeonju.hwang@example.org	+12025550128	959 예시로	서울특별시	03000	KR
さゆり	近藤	sayuri.kondo@example.org	+12025550164	960 サンプル通り	東京都	100-0001	JP
琳	班	lin.ban@example.com	+12025550168	961 示例路	北京市	100000	CN
Yến	Mai	yen.mai@example.com	+12025550110	962 Đường Ví Dụ	Hà Nội	100000	VN
현지	윤	hyeonji.yun@example.com	+12025550153	963 예시로	서울특별시	03000	KR
知実	阿部	satomi.abe@example.com	+12025550155	964 サンプル通り	東京都	100-0001	JP
雪梅	温	xuemei.wen@example.net	+12025550186	965 示例路	北京市	100000	CN
Vi	Hoàng	vi.hoang@example.net	+12025550137	966 Đường Ví Dụ	Hà Nội	100000	VN
혜진	고	hyejin.go@example.net	+12025550178	967 예시로	서울특별시	03000	KR
千代	後藤	chiyo.goto@example.net	+12025550142	968 サンプル通り	東京都	100-0001	JP
淑兰	巩	shulan.gong@example.org	+12025550178	969 示例路	北京市	100000	CN
Ánh	Mai	anh.mai@example.com	+12025550110	970 Đường Ví Dụ	Hà Nội	100000	VN
건우	민	geonu.min@example.org	+12025550145	971 예시로	서울특별시	03000	KR
直子	三浦	naoko.miura@example.org	+12025550136	972 サンプル通り	東京都	100-0001	JP
丽丽	闵	lili.min@example.com	+12025550116	973 示例路	北京市	100000	CN
Xuân	Trần	xuan.tran@example.com	+12025550142	974 Đường Ví Dụ	Hà Nội	100000	VN
경수	문	gyeongsu.mun@example.com	+12025550109	975 예시로	서울특별시	03000	KR
七夏	木村	nanami.kimura@example.com	+12025550166	976 サンプル通り	東京都	100-0001	JP
玉	耿	yu.geng@example.net	+12025550146	977 示例路	北京市	100000	CN
An	Dương	an.duong@example.net	+12025550105	978 Đường Ví Dụ	Hà Nội	100000	VN
광수	허	gwangsu.heo@example.net	+12025550140	979 예시로	서울특별시	03000	KR
花子	西村	hanako.nishimura@example.net	+12025550169	980 サンプル通り	東京都	100-0001	JP
秀芳	危	xiufang.wei@example.org	+12025550190	981 示例路	北京市	100000	CN
Hà	Lê	ha.le@example.org	+12025550145	982 Đường Ví Dụ	Hà Nội	100000	VN
도윤	노	doyun.no@example.org	+12025550152	983 예시로	서울특별시	03000	KR
春香	中村	haruka.nakamura@example.org	+12025550155	984 サンプル通り	東京都	100-0001	JP
欣	岳	xin.yue@example.com	+12025550127	985 示例路	北京市	100000	CN
Lâm	Dương	lam.duong@example.com	+12025550132	986 Đường Ví Dụ	Hà Nội	100000	VN
도현	심	dohyeon.sim@example.com	+12025550195	987 예시로	서울특별시	03000	KR
真綾	木村	maaya.kimura@example.com	+12025550123	988 サンプル通り	東京都	100-0001	JP
淑英	阎	shuying.yan@example.net	+12025550197	989 示例路	北京市	100000	CN
Hạnh	Trần	hanh.tran@example.net	+12025550136	990 Đường Ví Dụ	Hà Nội	100000	VN
동현	정	donghyeon.jeong@example.net	+12025550101	991 예시로	서울특별시	03000	KR
舞	青木	mai.aoki@example.net	+12025550156	992 サンプル通り	東京都	100-0001	JP
桂芳	黄	guifang.huang@example.org	+12025550197	993 示例路	北京市	100000	CN
Kim	Vũ	kim.vu@example.org	+12025550161	994 Đường Ví Dụ	Hà Nội	100000	VN
민석	우	minseog.u@example.org	+12025550183	995 예시로	서울특별시	03000	KR
美加子	林	mikako.hayashi@example.org	+12025550131	996 サンプル通り	東京都	100-0001	JP
丽华	乐	lihua.le@example.com	+12025550112	997 示例路	北京市	100000	CN
Nhật	Đặng	nhat.dang@example.com	+12025550195	998 Đường Ví Dụ	Hà Nội	100000	VN
민수	민	minsu.min@example.com	+12025550112	999 예시로	서울특별시	03000	KR
幹	吉田	miki.yoshida@example.com	+12025550135	1000 サンプル通り	東京都	100-0001	JP
