name	emailPart	countryCode	sourceRank	sourceCount	source
王	wang	CN			faker-40.41.0-zh_CN
李	li	CN			faker-40.41.0-zh_CN
张	zhang	CN			faker-40.41.0-zh_CN
刘	liu	CN			faker-40.41.0-zh_CN
陈	chen	CN			faker-40.41.0-zh_CN
杨	yang	CN			faker-40.41.0-zh_CN
黄	huang	CN			faker-40.41.0-zh_CN
吴	wu	CN			faker-40.41.0-zh_CN
赵	zhao	CN			faker-40.41.0-zh_CN
周	zhou	CN			faker-40.41.0-zh_CN
徐	xu	CN			faker-40.41.0-zh_CN
孙	sun	CN			faker-40.41.0-zh_CN
马	ma	CN			faker-40.41.0-zh_CN
朱	zhu	CN			faker-40.41.0-zh_CN
胡	hu	CN			faker-40.41.0-zh_CN
林	lin	CN			faker-40.41.0-zh_CN
郭	guo	CN			faker-40.41.0-zh_CN
何	he	CN			faker-40.41.0-zh_CN
高	gao	CN			faker-40.41.0-zh_CN
罗	luo	CN			faker-40.41.0-zh_CN
郑	zheng	CN			faker-40.41.0-zh_CN
梁	liang	CN			faker-40.41.0-zh_CN
谢	xie	CN			faker-40.41.0-zh_CN
宋	song	CN			faker-40.41.0-zh_CN
唐	tang	CN			faker-40.41.0-zh_CN
许	xu	CN			faker-40.41.0-zh_CN
邓	deng	CN			faker-40.41.0-zh_CN
冯	feng	CN			faker-40.41.0-zh_CN
韩	han	CN			faker-40.41.0-zh_CN
曹	cao	CN			faker-40.41.0-zh_CN
曾	ceng	CN			faker-40.41.0-zh_CN
彭	peng	CN			faker-40.41.0-zh_CN
萧	xiao	CN			faker-40.41.0-zh_CN
蔡	cai	CN			faker-40.41.0-zh_CN
潘	pan	CN			faker-40.41.0-zh_CN
田	tian	CN			faker-40.41.0-zh_CN
董	dong	CN			faker-40.41.0-zh_CN
袁	yuan	CN			faker-40.41.0-zh_CN
于	yu	CN			faker-40.41.0-zh_CN
余	yu	CN			faker-40.41.0-zh_CN
叶	ye	CN			faker-40.41.0-zh_CN
蒋	jiang	CN			faker-40.41.0-zh_CN
杜	du	CN			faker-40.41.0-zh_CN
苏	su	CN			faker-40.41.0-zh_CN
魏	wei	CN			faker-40.41.0-zh_CN
程	cheng	CN			faker-40.41.0-zh_CN
吕	lu	CN			faker-40.41.0-zh_CN
丁	ding	CN			faker-40.41.0-zh_CN
沈	shen	CN			faker-40.41.0-zh_CN
任	ren	CN			faker-40.41.0-zh_CN
姚	yao	CN			faker-40.41.0-zh_CN
卢	lu	CN			faker-40.41.0-zh_CN
傅	fu	CN			faker-40.41.0-zh_CN
钟	zhong	CN			faker-40.41.0-zh_CN
姜	jiang	CN			faker-40.41.0-zh_CN
崔	cui	CN			faker-40.41.0-zh_CN
谭	tan	CN			faker-40.41.0-zh_CN
廖	liao	CN			faker-40.41.0-zh_CN
范	fan	CN			faker-40.41.0-zh_CN
汪	wang	CN			faker-40.41.0-zh_CN
陆	lu	CN			faker-40.41.0-zh_CN
金	jin	CN			faker-40.41.0-zh_CN
石	shi	CN			faker-40.41.0-zh_CN
戴	dai	CN			faker-40.41.0-zh_CN
贾	jia	CN			faker-40.41.0-zh_CN
韦	wei	CN			faker-40.41.0-zh_CN
夏	xia	CN			faker-40.41.0-zh_CN
邱	qiu	CN			faker-40.41.0-zh_CN
方	fang	CN			faker-40.41.0-zh_CN
侯	hou	CN			faker-40.41.0-zh_CN
邹	zou	CN			faker-40.41.0-zh_CN
熊	xiong	CN			faker-40.41.0-zh_CN
孟	meng	CN			faker-40.41.0-zh_CN
秦	qin	CN			faker-40.41.0-zh_CN
白	bai	CN			faker-40.41.0-zh_CN
江	jiang	CN			faker-40.41.0-zh_CN
阎	yan	CN			faker-40.41.0-zh_CN
薛	xue	CN			faker-40.41.0-zh_CN
尹	yin	CN			faker-40.41.0-zh_CN
段	duan	CN			faker-40.41.0-zh_CN
雷	lei	CN			faker-40.41.0-zh_CN
黎	li	CN			faker-40.41.0-zh_CN
史	shi	CN			faker-40.41.0-zh_CN
龙	long	CN			faker-40.41.0-zh_CN
陶	tao	CN			faker-40.41.0-zh_CN
贺	he	CN			faker-40.41.0-zh_CN
顾	gu	CN			faker-40.41.0-zh_CN
毛	mao	CN			faker-40.41.0-zh_CN
郝	hao	CN			faker-40.41.0-zh_CN
龚	gong	CN			faker-40.41.0-zh_CN
邵	shao	CN			faker-40.41.0-zh_CN
万	wan	CN			faker-40.41.0-zh_CN
钱	qian	CN			faker-40.41.0-zh_CN
严	yan	CN			faker-40.41.0-zh_CN
赖	lai	CN			faker-40.41.0-zh_CN
覃	tan	CN			faker-40.41.0-zh_CN
洪	hong	CN			faker-40.41.0-zh_CN
武	wu	CN			faker-40.41.0-zh_CN
莫	mo	CN			faker-40.41.0-zh_CN
孔	kong	CN			faker-40.41.0-zh_CN
汤	tang	CN			faker-40.41.0-zh_CN
向	xiang	CN			faker-40.41.0-zh_CN
常	chang	CN			faker-40.41.0-zh_CN
温	wen	CN			faker-40.41.0-zh_CN
康	kang	CN			faker-40.41.0-zh_CN
施	shi	CN			faker-40.41.0-zh_CN
文	wen	CN			faker-40.41.0-zh_CN
牛	niu	CN			faker-40.41.0-zh_CN
樊	fan	CN			faker-40.41.0-zh_CN
葛	ge	CN			faker-40.41.0-zh_CN
邢	xing	CN			faker-40.41.0-zh_CN
安	an	CN			faker-40.41.0-zh_CN
齐	qi	CN			faker-40.41.0-zh_CN
易	yi	CN			faker-40.41.0-zh_CN
乔	qiao	CN			faker-40.41.0-zh_CN
伍	wu	CN			faker-40.41.0-zh_CN
庞	pang	CN			faker-40.41.0-zh_CN
颜	yan	CN			faker-40.41.0-zh_CN
倪	ni	CN			faker-40.41.0-zh_CN
庄	zhuang	CN			faker-40.41.0-zh_CN
聂	nie	CN			faker-40.41.0-zh_CN
章	zhang	CN			faker-40.41.0-zh_CN
鲁	lu	CN			faker-40.41.0-zh_CN
岳	yue	CN			faker-40.41.0-zh_CN
翟	di	CN			faker-40.41.0-zh_CN
殷	yin	CN			faker-40.41.0-zh_CN
詹	zhan	CN			faker-40.41.0-zh_CN
申	shen	CN			faker-40.41.0-zh_CN
欧	ou	CN			faker-40.41.0-zh_CN
耿	geng	CN			faker-40.41.0-zh_CN
关	guan	CN			faker-40.41.0-zh_CN
兰	lan	CN			faker-40.41.0-zh_CN
焦	jiao	CN			faker-40.41.0-zh_CN
俞	yu	CN			faker-40.41.0-zh_CN
左	zuo	CN			faker-40.41.0-zh_CN
柳	liu	CN			faker-40.41.0-zh_CN
甘	gan	CN			faker-40.41.0-zh_CN
祝	zhu	CN			faker-40.41.0-zh_CN
包	bao	CN			faker-40.41.0-zh_CN
宁	ning	CN			faker-40.41.0-zh_CN
尚	shang	CN			faker-40.41.0-zh_CN
符	fu	CN			faker-40.41.0-zh_CN
舒	shu	CN			faker-40.41.0-zh_CN
阮	ruan	CN			faker-40.41.0-zh_CN
柯	ke	CN			faker-40.41.0-zh_CN
纪	ji	CN			faker-40.41.0-zh_CN
梅	mei	CN			faker-40.41.0-zh_CN
童	tong	CN			faker-40.41.0-zh_CN
凌	ling	CN			faker-40.41.0-zh_CN
毕	bi	CN			faker-40.41.0-zh_CN
单	dan	CN			faker-40.41.0-zh_CN
季	ji	CN			faker-40.41.0-zh_CN
裴	pei	CN			faker-40.41.0-zh_CN
霍	huo	CN			faker-40.41.0-zh_CN
涂	tu	CN			faker-40.41.0-zh_CN
成	cheng	CN			faker-40.41.0-zh_CN
苗	miao	CN			faker-40.41.0-zh_CN
谷	gu	CN			faker-40.41.0-zh_CN
盛	sheng	CN			faker-40.41.0-zh_CN
曲	qu	CN			faker-40.41.0-zh_CN
翁	weng	CN			faker-40.41.0-zh_CN
冉	ran	CN			faker-40.41.0-zh_CN
骆	luo	CN			faker-40.41.0-zh_CN
蓝	lan	CN			faker-40.41.0-zh_CN
路	lu	CN			faker-40.41.0-zh_CN
游	you	CN			faker-40.41.0-zh_CN
辛	xin	CN			faker-40.41.0-zh_CN
靳	jin	CN			faker-40.41.0-zh_CN
欧阳	ouyang	CN			faker-40.41.0-zh_CN
管	guan	CN			faker-40.41.0-zh_CN
柴	chai	CN			faker-40.41.0-zh_CN
蒙	meng	CN			faker-40.41.0-zh_CN
鲍	bao	CN			faker-40.41.0-zh_CN
华	hua	CN			faker-40.41.0-zh_CN
喻	yu	CN			faker-40.41.0-zh_CN
祁	qi	CN			faker-40.41.0-zh_CN
蒲	pu	CN			faker-40.41.0-zh_CN
房	fang	CN			faker-40.41.0-zh_CN
滕	teng	CN			faker-40.41.0-zh_CN
屈	qu	CN			faker-40.41.0-zh_CN
饶	rao	CN			faker-40.41.0-zh_CN
解	jie	CN			faker-40.41.0-zh_CN
牟	mou	CN			faker-40.41.0-zh_CN
艾	ai	CN			faker-40.41.0-zh_CN
尤	you	CN			faker-40.41.0-zh_CN
阳	yang	CN			faker-40.41.0-zh_CN
时	shi	CN			faker-40.41.0-zh_CN
穆	mu	CN			faker-40.41.0-zh_CN
农	nong	CN			faker-40.41.0-zh_CN
司	si	CN			faker-40.41.0-zh_CN
卓	zhuo	CN			faker-40.41.0-zh_CN
古	gu	CN			faker-40.41.0-zh_CN
吉	ji	CN			faker-40.41.0-zh_CN
缪	mou	CN			faker-40.41.0-zh_CN
简	jian	CN			faker-40.41.0-zh_CN
车	che	CN			faker-40.41.0-zh_CN
项	xiang	CN			faker-40.41.0-zh_CN
连	lian	CN			faker-40.41.0-zh_CN
芦	lu	CN			faker-40.41.0-zh_CN
麦	mai	CN			faker-40.41.0-zh_CN
褚	chu	CN			faker-40.41.0-zh_CN
娄	lou	CN			faker-40.41.0-zh_CN
窦	dou	CN			faker-40.41.0-zh_CN
戚	qi	CN			faker-40.41.0-zh_CN
岑	cen	CN			faker-40.41.0-zh_CN
景	jing	CN			faker-40.41.0-zh_CN
党	dang	CN			faker-40.41.0-zh_CN
宫	gong	CN			faker-40.41.0-zh_CN
费	fei	CN			faker-40.41.0-zh_CN
卜	bo	CN			faker-40.41.0-zh_CN
冷	leng	CN			faker-40.41.0-zh_CN
晏	yan	CN			faker-40.41.0-zh_CN
席	xi	CN			faker-40.41.0-zh_CN
卫	wei	CN			faker-40.41.0-zh_CN
米	mi	CN			faker-40.41.0-zh_CN
柏	bai	CN			faker-40.41.0-zh_CN
宗	zong	CN			faker-40.41.0-zh_CN
瞿	qu	CN			faker-40.41.0-zh_CN
桂	gui	CN			faker-40.41.0-zh_CN
全	quan	CN			faker-40.41.0-zh_CN
佟	tong	CN			faker-40.41.0-zh_CN
应	ying	CN			faker-40.41.0-zh_CN
臧	zang	CN			faker-40.41.0-zh_CN
闵	min	CN			faker-40.41.0-zh_CN
苟	gou	CN			faker-40.41.0-zh_CN
邬	wu	CN			faker-40.41.0-zh_CN
边	bian	CN			faker-40.41.0-zh_CN
卞	bian	CN			faker-40.41.0-zh_CN
姬	ji	CN			faker-40.41.0-zh_CN
师	shi	CN			faker-40.41.0-zh_CN
和	he	CN			faker-40.41.0-zh_CN
仇	chou	CN			faker-40.41.0-zh_CN
栾	luan	CN			faker-40.41.0-zh_CN
隋	sui	CN			faker-40.41.0-zh_CN
商	shang	CN			faker-40.41.0-zh_CN
刁	diao	CN			faker-40.41.0-zh_CN
沙	sha	CN			faker-40.41.0-zh_CN
荣	rong	CN			faker-40.41.0-zh_CN
巫	wu	CN			faker-40.41.0-zh_CN
寇	kou	CN			faker-40.41.0-zh_CN
桑	sang	CN			faker-40.41.0-zh_CN
郎	lang	CN			faker-40.41.0-zh_CN
甄	zhen	CN			faker-40.41.0-zh_CN
丛	cong	CN			faker-40.41.0-zh_CN
仲	zhong	CN			faker-40.41.0-zh_CN
虞	yu	CN			faker-40.41.0-zh_CN
敖	ao	CN			faker-40.41.0-zh_CN
巩	gong	CN			faker-40.41.0-zh_CN
明	ming	CN			faker-40.41.0-zh_CN
佘	she	CN			faker-40.41.0-zh_CN
池	chi	CN			faker-40.41.0-zh_CN
查	cha	CN			faker-40.41.0-zh_CN
麻	ma	CN			faker-40.41.0-zh_CN
苑	yuan	CN			faker-40.41.0-zh_CN
迟	chi	CN			faker-40.41.0-zh_CN
邝	kuang	CN			faker-40.41.0-zh_CN
官	guan	CN			faker-40.41.0-zh_CN
封	feng	CN			faker-40.41.0-zh_CN
谈	tan	CN			faker-40.41.0-zh_CN
匡	kuang	CN			faker-40.41.0-zh_CN
鞠	ju	CN			faker-40.41.0-zh_CN
惠	hui	CN			faker-40.41.0-zh_CN
荆	jing	CN			faker-40.41.0-zh_CN
乐	le	CN			faker-40.41.0-zh_CN
冀	ji	CN			faker-40.41.0-zh_CN
郁	yu	CN			faker-40.41.0-zh_CN
胥	xu	CN			faker-40.41.0-zh_CN
南	nan	CN			faker-40.41.0-zh_CN
班	ban	CN			faker-40.41.0-zh_CN
储	chu	CN			faker-40.41.0-zh_CN
原	yuan	CN			faker-40.41.0-zh_CN
栗	li	CN			faker-40.41.0-zh_CN
燕	yan	CN			faker-40.41.0-zh_CN
楚	chu	CN			faker-40.41.0-zh_CN
鄢	yan	CN			faker-40.41.0-zh_CN
劳	lao	CN			faker-40.41.0-zh_CN
谌	chen	CN			faker-40.41.0-zh_CN
奚	xi	CN			faker-40.41.0-zh_CN
皮	pi	CN			faker-40.41.0-zh_CN
粟	su	CN			faker-40.41.0-zh_CN
冼	xian	CN			faker-40.41.0-zh_CN
蔺	lin	CN			faker-40.41.0-zh_CN
楼	lou	CN			faker-40.41.0-zh_CN
盘	pan	CN			faker-40.41.0-zh_CN
满	man	CN			faker-40.41.0-zh_CN
闻	wen	CN			faker-40.41.0-zh_CN
位	wei	CN			faker-40.41.0-zh_CN
厉	li	CN			faker-40.41.0-zh_CN
伊	yi	CN			faker-40.41.0-zh_CN
仝	tong	CN			faker-40.41.0-zh_CN
区	qu	CN			faker-40.41.0-zh_CN
郜	gao	CN			faker-40.41.0-zh_CN
海	hai	CN			faker-40.41.0-zh_CN
阚	kan	CN			faker-40.41.0-zh_CN
花	hua	CN			faker-40.41.0-zh_CN
权	quan	CN			faker-40.41.0-zh_CN
强	qiang	CN			faker-40.41.0-zh_CN
帅	shuai	CN			faker-40.41.0-zh_CN
屠	tu	CN			faker-40.41.0-zh_CN
豆	dou	CN			faker-40.41.0-zh_CN
朴	pu	CN			faker-40.41.0-zh_CN
盖	gai	CN			faker-40.41.0-zh_CN
练	lian	CN			faker-40.41.0-zh_CN
廉	lian	CN			faker-40.41.0-zh_CN
禹	yu	CN			faker-40.41.0-zh_CN
井	jing	CN			faker-40.41.0-zh_CN
祖	zu	CN			faker-40.41.0-zh_CN
漆	qi	CN			faker-40.41.0-zh_CN
巴	ba	CN			faker-40.41.0-zh_CN
丰	feng	CN			faker-40.41.0-zh_CN
支	zhi	CN			faker-40.41.0-zh_CN
卿	qing	CN			faker-40.41.0-zh_CN
国	guo	CN			faker-40.41.0-zh_CN
狄	di	CN			faker-40.41.0-zh_CN
平	ping	CN			faker-40.41.0-zh_CN
计	ji	CN			faker-40.41.0-zh_CN
索	suo	CN			faker-40.41.0-zh_CN
宣	xuan	CN			faker-40.41.0-zh_CN
晋	jin	CN			faker-40.41.0-zh_CN
相	xiang	CN			faker-40.41.0-zh_CN
初	chu	CN			faker-40.41.0-zh_CN
门	men	CN			faker-40.41.0-zh_CN
云	yun	CN			faker-40.41.0-zh_CN
容	rong	CN			faker-40.41.0-zh_CN
敬	jing	CN			faker-40.41.0-zh_CN
来	lai	CN			faker-40.41.0-zh_CN
扈	hu	CN			faker-40.41.0-zh_CN
晁	chao	CN			faker-40.41.0-zh_CN
芮	rui	CN			faker-40.41.0-zh_CN
都	dou	CN			faker-40.41.0-zh_CN
普	pu	CN			faker-40.41.0-zh_CN
阙	que	CN			faker-40.41.0-zh_CN
浦	pu	CN			faker-40.41.0-zh_CN
戈	ge	CN			faker-40.41.0-zh_CN
伏	fu	CN			faker-40.41.0-zh_CN
鹿	lu	CN			faker-40.41.0-zh_CN
薄	bao	CN			faker-40.41.0-zh_CN
邸	di	CN			faker-40.41.0-zh_CN
雍	yong	CN			faker-40.41.0-zh_CN
辜	gu	CN			faker-40.41.0-zh_CN
羊	yang	CN			faker-40.41.0-zh_CN
阿	a	CN			faker-40.41.0-zh_CN
乌	wu	CN			faker-40.41.0-zh_CN
母	mu	CN			faker-40.41.0-zh_CN
裘	qiu	CN			faker-40.41.0-zh_CN
亓	qi	CN			faker-40.41.0-zh_CN
修	xiu	CN			faker-40.41.0-zh_CN
邰	tai	CN			faker-40.41.0-zh_CN
赫	he	CN			faker-40.41.0-zh_CN
杭	hang	CN			faker-40.41.0-zh_CN
况	kuang	CN			faker-40.41.0-zh_CN
那	na	CN			faker-40.41.0-zh_CN
宿	su	CN			faker-40.41.0-zh_CN
鲜	xian	CN			faker-40.41.0-zh_CN
印	yin	CN			faker-40.41.0-zh_CN
逯	lu	CN			faker-40.41.0-zh_CN
隆	long	CN			faker-40.41.0-zh_CN
茹	ru	CN			faker-40.41.0-zh_CN
诸	zhu	CN			faker-40.41.0-zh_CN
战	zhan	CN			faker-40.41.0-zh_CN
慕	mu	CN			faker-40.41.0-zh_CN
危	wei	CN			faker-40.41.0-zh_CN
玉	yu	CN			faker-40.41.0-zh_CN
银	yin	CN			faker-40.41.0-zh_CN
亢	kang	CN			faker-40.41.0-zh_CN
嵇	ji	CN			faker-40.41.0-zh_CN
公	gong	CN			faker-40.41.0-zh_CN
哈	ha	CN			faker-40.41.0-zh_CN
湛	zhan	CN			faker-40.41.0-zh_CN
宾	bin	CN			faker-40.41.0-zh_CN
戎	rong	CN			faker-40.41.0-zh_CN
勾	gou	CN			faker-40.41.0-zh_CN
茅	mao	CN			faker-40.41.0-zh_CN
利	li	CN			faker-40.41.0-zh_CN
呼	hu	CN			faker-40.41.0-zh_CN
居	ju	CN			faker-40.41.0-zh_CN
揭	jie	CN			faker-40.41.0-zh_CN
干	gan	CN			faker-40.41.0-zh_CN
但	dan	CN			faker-40.41.0-zh_CN
尉	wei	CN			faker-40.41.0-zh_CN
冶	ye	CN			faker-40.41.0-zh_CN
斯	si	CN			faker-40.41.0-zh_CN
元	yuan	CN			faker-40.41.0-zh_CN
束	shu	CN			faker-40.41.0-zh_CN
檀	tan	CN			faker-40.41.0-zh_CN
衣	yi	CN			faker-40.41.0-zh_CN
信	xin	CN			faker-40.41.0-zh_CN
展	zhan	CN			faker-40.41.0-zh_CN
阴	yin	CN			faker-40.41.0-zh_CN
昝	zan	CN			faker-40.41.0-zh_CN
智	zhi	CN			faker-40.41.0-zh_CN
幸	xing	CN			faker-40.41.0-zh_CN
奉	feng	CN			faker-40.41.0-zh_CN
植	zhi	CN			faker-40.41.0-zh_CN
衡	heng	CN			faker-40.41.0-zh_CN
富	fu	CN			faker-40.41.0-zh_CN
尧	yao	CN			faker-40.41.0-zh_CN
闭	bi	CN			faker-40.41.0-zh_CN
由	you	CN			faker-40.41.0-zh_CN
Nguyễn	nguyen	VN			faker-40.41.0-vi_VN
Trần	tran	VN			faker-40.41.0-vi_VN
Lê	le	VN			faker-40.41.0-vi_VN
Phạm	pham	VN			faker-40.41.0-vi_VN
Vũ	vu	VN			faker-40.41.0-vi_VN
Đặng	dang	VN			faker-40.41.0-vi_VN
Bùi	bui	VN			faker-40.41.0-vi_VN
Dương	duong	VN			faker-40.41.0-vi_VN
Mai	mai	VN			faker-40.41.0-vi_VN
Hoàng	hoang	VN			faker-40.41.0-vi_VN
김	gim	KR			faker-40.41.0-ko_KR
이	i	KR			faker-40.41.0-ko_KR
박	bag	KR			faker-40.41.0-ko_KR
정	jeong	KR			faker-40.41.0-ko_KR
최	choe	KR			faker-40.41.0-ko_KR
조	jo	KR			faker-40.41.0-ko_KR
강	gang	KR			faker-40.41.0-ko_KR
윤	yun	KR			faker-40.41.0-ko_KR
장	jang	KR			faker-40.41.0-ko_KR
임	im	KR			faker-40.41.0-ko_KR
한	han	KR			faker-40.41.0-ko_KR
오	o	KR			faker-40.41.0-ko_KR
서	seo	KR			faker-40.41.0-ko_KR
신	sin	KR			faker-40.41.0-ko_KR
권	gwon	KR			faker-40.41.0-ko_KR
황	hwang	KR			faker-40.41.0-ko_KR
안	an	KR			faker-40.41.0-ko_KR
송	song	KR			faker-40.41.0-ko_KR
류	lyu	KR			faker-40.41.0-ko_KR
전	jeon	KR			faker-40.41.0-ko_KR
홍	hong	KR			faker-40.41.0-ko_KR
고	go	KR			faker-40.41.0-ko_KR
문	mun	KR			faker-40.41.0-ko_KR
양	yang	KR			faker-40.41.0-ko_KR
손	son	KR			faker-40.41.0-ko_KR
배	bae	KR			faker-40.41.0-ko_KR
백	baeg	KR			faker-40.41.0-ko_KR
허	heo	KR			faker-40.41.0-ko_KR
유	yu	KR			faker-40.41.0-ko_KR
남	nam	KR			faker-40.41.0-ko_KR
심	sim	KR			faker-40.41.0-ko_KR
노	no	KR			faker-40.41.0-ko_KR
하	ha	KR			faker-40.41.0-ko_KR
곽	gwag	KR			faker-40.41.0-ko_KR
성	seong	KR			faker-40.41.0-ko_KR
차	cha	KR			faker-40.41.0-ko_KR
주	ju	KR			faker-40.41.0-ko_KR
우	u	KR			faker-40.41.0-ko_KR
구	gu	KR			faker-40.41.0-ko_KR
나	na	KR			faker-40.41.0-ko_KR
민	min	KR			faker-40.41.0-ko_KR
진	jin	KR			faker-40.41.0-ko_KR
지	ji	KR			faker-40.41.0-ko_KR
엄	eom	KR			faker-40.41.0-ko_KR
佐藤	sato	JP			faker-40.41.0-ja_JP
鈴木	suzuki	JP			faker-40.41.0-ja_JP
高橋	takahashi	JP			faker-40.41.0-ja_JP
田中	tanaka	JP			faker-40.41.0-ja_JP
伊藤	ito	JP			faker-40.41.0-ja_JP
渡辺	watanabe	JP			faker-40.41.0-ja_JP
山本	yamamoto	JP			faker-40.41.0-ja_JP
中村	nakamura	JP			faker-40.41.0-ja_JP
小林	kobayashi	JP			faker-40.41.0-ja_JP
加藤	kato	JP			faker-40.41.0-ja_JP
吉田	yoshida	JP			faker-40.41.0-ja_JP
山田	yamada	JP			faker-40.41.0-ja_JP
佐々木	sasaki	JP			faker-40.41.0-ja_JP
山口	yamaguchi	JP			faker-40.41.0-ja_JP
松本	matsumoto	JP			faker-40.41.0-ja_JP
井上	inoue	JP			faker-40.41.0-ja_JP
木村	kimura	JP			faker-40.41.0-ja_JP
林	hayashi	JP			faker-40.41.0-ja_JP
斎藤	saito	JP			faker-40.41.0-ja_JP
清水	shimizu	JP			faker-40.41.0-ja_JP
山崎	yamazaki	JP			faker-40.41.0-ja_JP
阿部	abe	JP			faker-40.41.0-ja_JP
森	mori	JP			faker-40.41.0-ja_JP
池田	ikeda	JP			faker-40.41.0-ja_JP
橋本	hashimoto	JP			faker-40.41.0-ja_JP
山下	yamashita	JP			faker-40.41.0-ja_JP
石川	ishikawa	JP			faker-40.41.0-ja_JP
中島	nakajima	JP			faker-40.41.0-ja_JP
前田	maeda	JP			faker-40.41.0-ja_JP
藤田	fujita	JP			faker-40.41.0-ja_JP
後藤	goto	JP			faker-40.41.0-ja_JP
小川	ogawa	JP			faker-40.41.0-ja_JP
岡田	okada	JP			faker-40.41.0-ja_JP
長谷川	hasegawa	JP			faker-40.41.0-ja_JP
村上	murakami	JP			faker-40.41.0-ja_JP
近藤	kondo	JP			faker-40.41.0-ja_JP
石井	ishii	JP			faker-40.41.0-ja_JP
遠藤	endo	JP			faker-40.41.0-ja_JP
斉藤	saito	JP			faker-40.41.0-ja_JP
坂本	sakamoto	JP			faker-40.41.0-ja_JP
青木	aoki	JP			faker-40.41.0-ja_JP
藤井	fujii	JP			faker-40.41.0-ja_JP
西村	nishimura	JP			faker-40.41.0-ja_JP
福田	fukuda	JP			faker-40.41.0-ja_JP
太田	ota	JP			faker-40.41.0-ja_JP
三浦	miura	JP			faker-40.41.0-ja_JP
藤原	fujiwara	JP			faker-40.41.0-ja_JP
松田	matsuda	JP			faker-40.41.0-ja_JP
岡本	okamoto	JP			faker-40.41.0-ja_JP
中川	nakagawa	JP			faker-40.41.0-ja_JP
