companyName	countryCode	rank
Apple	US	1
Microsoft	US	2
Alphabet	US	3
Amazon	US	4
NVIDIA	US	5
Walmart	US	7
Meta Platforms	US	9
Home Depot	US	15
Verizon	US	16
Oracle	US	18
American Express	US	23
UnitedHealth Group	US	24
AT&T	US	25
Costco	US	26
Disney	US	29
Uber	US	30
Bank of America	US	34
Coca-Cola	US	37
JPMorgan Chase	US	39
VISA	US	40
Deloitte	US	42
McDonald's	US	43
accenture	US	44
Wells Fargo	US	46
Lowe's	US	48
Starbucks	US	51
Citi	US	56
Cisco	US	62
Mastercard	US	63
UPS	US	68
Capital One	US	71
Tesla	US	75
Netflix	US	76
Target	US	77
PWC	US	79
Nike	US	80
ExxonMobil	US	83
IBM Group	US	84
Progressive	US	86
FedEx	US	88
CVS	US	89
Comcast	US	90
General Electric	US	92
Boeing	US	93
Enterprise	US	94
Dell Technologies	US	95
Goldman Sachs	US	97
Ford	US	98
Broadcom	US	102
Caterpillar	US	103
